Workbook

Sheet 0828
A1: 가나다란 08/28(목밤) 주문서 | I1: 발주 | L1: 장끼 | O1: 입고 | P1: 차이
A2: 거래처명 | B2: 공급처주소 | C2: 공급처연락처 | D2: 공급처휴대전화 | E2: 상품코드 | F2: 공급처상품명 | G2: 공급처옵션 | H2: 원가 | I2: 신규주문 | J2: 미송 | K2: 교환 | L2: 장끼 | M2: 미송 | N2: 교환 | O2: 주문 | P2: 주문 | Q2: 삼촌 코멘트 | R2: 가나다란 코멘트 | S2: 실입고수 | T2: 오늘입금할금액 | U2: 미송/매입금액 | V2: 입금일 | W2: 공급처예금주
I3: =SUM(I4:I335) -> 991 | J3: =SUM(J4:J335) -> 322 | K3: =SUM(K4:K335) -> 50 | L3: 647 | M3: 310 | N3: 6 | O3: =SUM(O4:O335) -> 0 | P3: =SUM(P4:P335) -> 0 | Q3: =SUM(Q4:Q335) -> 0 | R3: =SUM(R4:R335) -> 0 | S3: =SUM(S4:S335) -> 0 | T3: =SUM(T4:T335) -> 5040700 | U3: =SUM(U4:U335) -> 6107500
Q4: ※ 주문서 작성시 KDG, 제이와이엠, 디피프로젝트 카톡 채널 공유 필수 | S4: =O4 -> 0 | T4: =H4*L4 -> 0 | W4: =IFERROR(VLOOKUP(A4,거래처!B:Z,21,0),"")
A5: 썸 | B5: 본사반출 | F5: 시스루BL | G5: 검정 | R5: 08/26 본사반출 | S5: 0 | T5: 0 | W5: =IFERROR(VLOOKUP(A5,거래처!B:Z,21,0),"") -> 홍성복
S6: =O6 -> 0 | T6: =H6*L6 -> 0 | W6: =IFERROR(VLOOKUP(A6,거래처!B:Z,21,0),"")
A7: 리마인드 | B7: 경기도 고양시 일산동구 지영로 59-2 D동 | C7: 010-3918-2418 | D7: 010-9208-6514 | E7: S16809 | F7: 2420(부츠)sl (C) | G7: 베이지(기본M) | H7: 12000 | I7: 1 | L7: 1 | S7: =O7 -> 0 | T7: =H7*L7 -> 12000 | W7: =IFERROR(VLOOKUP(A7,거래처!B:Z,21,0),"") -> （주）디투어패럴
A8: 리마인드 | B8: 경기도 고양시 일산동구 지영로 59-2 D동 | C8: 010-3918-2418 | D8: 010-9208-6514 | E8: S16808 | F8: 2420(부츠)sl (C) | G8: 베이지(기본S) | H8: 12000 | I8: 1 | L8: 1 | S8: =O8 -> 0 | T8: =H8*L8 -> 12000 | W8: =IFERROR(VLOOKUP(A8,거래처!B:Z,21,0),"") -> （주）디투어패럴
A9: 리마인드 | B9: 경기도 고양시 일산동구 지영로 59-2 D동 | C9: 010-3918-2418 | D9: 010-9208-6514 | E9: S16838 | F9: 2420(부츠)sl (C) | G9: 블랙(롱S) | H9: 12000 | I9: 1 | L9: 1 | S9: =O9 -> 0 | T9: =H9*L9 -> 12000 | W9: =IFERROR(VLOOKUP(A9,거래처!B:Z,21,0),"") -> （주）디투어패럴
A10: 리마인드 | B10: 경기도 고양시 일산동구 지영로 59-2 D동 | C10: 010-3918-2418 | D10: 010-9208-6514 | E10: S16833 | F10: 2420(부츠)sl (C) | G10: 블랙(숏M) | H10: 12000 | I10: 1 | L10: 1 | S10: =O10 -> 0 | T10: =H10*L10 -> 12000 | W10: =IFERROR(VLOOKUP(A10,거래처!B:Z,21,0),"") -> （주）디투어패럴
A11: 리마인드 | B11: 경기도 고양시 일산동구 지영로 59-2 D동 | C11: 010-3918-2418 | D11: 010-9208-6514 | E11: S16800 | F11: 2420(부츠)sl (C) | G11: 아이보리(기본M) | H11: 12000 | I11: 1 | L11: 1 | S11: =O11 -> 0 | T11: =H11*L11 -> 12000 | W11: =IFERROR(VLOOKUP(A11,거래처!B:Z,21,0),"") -> （주）디투어패럴
A12: 리마인드 | B12: 경기도 고양시 일산동구 지영로 59-2 D동 | C12: 010-3918-2418 | D12: 010-9208-6514 | E12: S16796 | F12: 2420(부츠)sl (C) | G12: 아이보리(숏S) | H12: 12000 | I12: 1 | L12: 1 | S12: =O12 -> 0 | T12: =H12*L12 -> 12000 | W12: =IFERROR(VLOOKUP(A12,거래처!B:Z,21,0),"") -> （주）디투어패럴
A13: 리마인드 | B13: 경기도 고양시 일산동구 지영로 59-2 D동 | C13: 010-3918-2418 | D13: 010-9208-6514 | E13: S16823 | F13: 2420(부츠)sl (C) | G13: 회색(숏S) | H13: 12000 | I13: 1 | L13: 1 | S13: =O13 -> 0 | T13: =H13*L13 -> 12000 | W13: =IFERROR(VLOOKUP(A13,거래처!B:Z,21,0),"") -> （주）디투어패럴
A14: 리마인드 | B14: 경기도 고양시 일산동구 지영로 59-2 D동 | C14: 010-3918-2418 | D14: 010-9208-6514 | E14: S16864 | F14: 2430(와이드)sl ☆ | G14: 블랙(기본M) ☆2506 | H14: 12000 | I14: 1 | L14: 1 | S14: =O14 -> 0 | T14: =H14*L14 -> 12000 | W14: =IFERROR(VLOOKUP(A14,거래처!B:Z,21,0),"") -> （주）디투어패럴
A15: 리마인드 | B15: 경기도 고양시 일산동구 지영로 59-2 D동 | C15: 010-3918-2418 | D15: 010-9208-6514 | E15: S22138 | F15: 4503 [반바지] | G15: 블랙/L | H15: 10000 | I15: 1 | L15: 1 | S15: =O15 -> 0 | T15: =H15*L15 -> 10000 | W15: =IFERROR(VLOOKUP(A15,거래처!B:Z,21,0),"") -> （주）디투어패럴
A16: 리마인드 | B16: 경기도 고양시 일산동구 지영로 59-2 D동 | C16: 010-3918-2418 | D16: 010-9208-6514 | E16: S22132 | F16: 4503 [반바지] | G16: 아이보리/L | H16: 10000 | I16: 1 | L16: 1 | S16: =O16 -> 0 | T16: =H16*L16 -> 10000 | W16: =IFERROR(VLOOKUP(A16,거래처!B:Z,21,0),"") -> （주）디투어패럴
A17: 리마인드 | B17: 경기도 고양시 일산동구 지영로 59-2 D동 | C17: 010-3918-2418 | D17: 010-9208-6514 | E17: S22130 | F17: 4503 [반바지] | G17: 아이보리/S | H17: 10000 | I17: 5 | L17: 5 | S17: =O17 -> 0 | T17: =H17*L17 -> 50000 | W17: =IFERROR(VLOOKUP(A17,거래처!B:Z,21,0),"") -> （주）디투어패럴
A18: 리마인드 | B18: 경기도 고양시 일산동구 지영로 59-2 D동 | C18: 010-3918-2418 | D18: 010-9208-6514 | E18: S18813 | F18: 5007pt [부츠컷] | G18: 중청(M) | H18: 15000 | I18: 1 | L18: 1 | S18: =O18 -> 0 | T18: =H18*L18 -> 15000 | W18: =IFERROR(VLOOKUP(A18,거래처!B:Z,21,0),"") -> （주）디투어패럴
... A21: 리마인드 | B21: 경기도 고양시 일산동구 지영로 59-2 D동 | C21: 010-3918-2418 | D21: 010-9208-6514 | E21: S23477 | F21: 5409nt [반팔] | G21: 화이트 | H21: 9000 | I21: 3 | L21: 3 | S21: =O21 -> 0 | T21: =H21*L21 -> 27000 | W21: =IFERROR(VLOOKUP(A21,거래처!B:Z,21,0),"") -> （주）디투어패럴
A22: 리마인드 | B22: 경기도 고양시 일산동구 지영로 59-2 D동 | C22: 010-3918-2418 | D22: 010-9208-6514 | E22: S16811 | F22: 2420(부츠)sl (C) | G22: 베이지(롱S) | H22: 12000 | K22: 1 | R22: 8/21 더안불량(오염) | S22: =O22 -> 0 | T22: =H22*L22 -> 0 | W22: =IFERROR(VLOOKUP(A22,거래처!B:Z,21,0),"") -> （주）디투어패럴
A23: 리마인드 | B23: 경기도 고양시 일산동구 지영로 59-2 D동 | C23: 010-3918-2418 | D23: 010-9208-6514 | E23: S16800 | F23: 2420(부츠)sl (C) | G23: 아이보리(기본M) | H23: 12000 | K23: 1 | R23: 8/13 더안불량(오염) | S23: =O23 -> 0 | T23: =H23*L23 -> 0 | W23: =IFERROR(VLOOKUP(A23,거래처!B:Z,21,0),"") -> （주）디투어패럴
A24: 리마인드 | B24: 경기도 고양시 일산동구 지영로 59-2 D동 | C24: 010-3918-2418 | D24: 010-9208-6514 | E24: S16796 | F24: 2420(부츠)sl (C) | G24: 아이보리(숏S) | H24: 12000 | K24: 1 | R24: 8/21 더안불량(오염) | S24: =O24 -> 0 | T24: =H24*L24 -> 0 | W24: =IFERROR(VLOOKUP(A24,거래처!B:Z,21,0),"") -> （주）디투어패럴
A25: 리마인드 | B25: 경기도 고양시 일산동구 지영로 59-2 D동 | C25: 010-3918-2418 | D25: 010-9208-6514 | E25: S22136 | F25: 4503 [반바지] | G25: 블랙/S | H25: 10000 | K25: 1 | R25: 8/18 더안불량(양쪽길이 다름) | S25: =O25 -> 0 | T25: =H25*L25 -> 0 | W25: =IFERROR(VLOOKUP(A25,거래처!B:Z,21,0),"") -> （주）디투어패럴
A26: 리마인드 | B26: 경기도 고양시 일산동구 지영로 59-2 D동 | C26: 010-3918-2418 | D26: 010-9208-6514 | E26: S22131 | F26: 4503 [반바지] | G26: 아이보리/M | H26: 10000 | K26: 1 | R26: 8/18 더안불량(오염) | S26: =O26 -> 0 | T26: =H26*L26 -> 0 | W26: =IFERROR(VLOOKUP(A26,거래처!B:Z,21,0),"") -> （주）디투어패럴
A27: 리마인드 | B27: 경기도 고양시 일산동구 지영로 59-2 D동 | C27: 010-3918-2418 | D27: 010-9208-6514 | E27: S19666 | F27: 5100-3pt [부츠컷] | G27: 연청/M | H27: 14000 | K27: 1 | R27: 8/6 더안불량(오입고) | S27: =O27 -> 0 | T27: =H27*L27 -> 0 | W27: =IFERROR(VLOOKUP(A27,거래처!B:Z,21,0),"") -> （주）디투어패럴
A28: 리마인드 | B28: 경기도 고양시 일산동구 지영로 59-2 D동 | C28: 010-3918-2418 | D28: 010-9208-6514 | E28: S19665 | F28: 5100-3pt [부츠컷] | G28: 연청/S | H28: 14000 | K28: 1 | R28: 8/27 더안불량(허리부분오염) | S28: =O28 -> 0 | T28: =H28*L28 -> 0 | W28: =IFERROR(VLOOKUP(A28,거래처!B:Z,21,0),"") -> （주）디투어패럴
A29: 리마인드 | B29: 경기도 고양시 일산동구 지영로 59-2 D동 | C29: 010-3918-2418 | D29: 010-9208-6514 | E29: S19243 | F29: 5106-5pt [와이드] | G29: 화이트(M,롱) | H29: 13000 | K29: 3 | R29: 8/27 더안불량(오염) | S29: =O29 -> 0 | T29: =H29*L29 -> 0 | W29: =IFERROR(VLOOKUP(A29,거래처!B:Z,21,0),"") -> （주）디투어패럴
A30: 리마인드 | B30: 경기도 고양시 일산동구 지영로 59-2 D동 | C30: 010-3918-2418 | D30: 010-9208-6514 | E30: S19241 | F30: 5106-5pt [와이드] | G30: 화이트(S,롱) | H30: 13000 | K30: 1 | R30: 8/18 더안불량(오염) | S30: =O30 -> 0 | T30: =H30*L30 -> 0 | W30: =IFERROR(VLOOKUP(A30,거래처!B:Z,21,0),"") -> （주）디투어패럴
A31: 리마인드 | B31: 경기도 고양시 일산동구 지영로 59-2 D동 | C31: 010-3918-2418 | D31: 010-9208-6514 | E31: S19240 | F31: 5106-5pt [와이드] | G31: 화이트(S,숏) | H31: 13000 | K31: 1 | R31: 8/18 더안불량(오염) | S31: =O31 -> 0 | T31: =H31*L31 -> 0 | W31: =IFERROR(VLOOKUP(A31,거래처!B:Z,21,0),"") -> （주）디투어패럴
A32: 리마인드 | B32: 경기도 고양시 일산동구 지영로 59-2 D동 | C32: 010-3918-2418 | D32: 010-9208-6514 | E32: S22018 | F32: 5412nt [반팔] | G32: 베이지 | H32: 11000 | K32: 1 | R32: 8/14 더안불량(앞면 오염) | S32: =O32 -> 0 | T32: =H32*L32 -> 0 | W32: =IFERROR(VLOOKUP(A32,거래처!B:Z,21,0),"") -> （주）디투어패럴
A33: 리마인드 | B33: 경기도 고양시 일산동구 지영로 59-2 D동 | C33: 010-3918-2418 | D33: 010-9208-6514 | E33: S19243 | F33: 5106-5pt [와이드] | G33: 화이트(M,롱) | H33: 13000 | R33: 8/28 더안불량(오염,잡사) | S33: =O33 -> 0 | T33: =H33*L33 -> 0 | W33: =IFERROR(VLOOKUP(A33,거래처!B:Z,21,0),"") -> （주）디투어패럴
A34: 리마인드 | B34: 경기도 고양시 일산동구 지영로 59-2 D동 | C34: 010-3918-2418 | D34: 010-9208-6514 | E34: S23477 | F34: 5409nt [반팔] | G34: 화이트 | H34: 9000 | R34: 8/28 더안불량(오염,봉제불량) | S34: =O34 -> 0 | T34: =H34*L34 -> 0 | W34: =IFERROR(VLOOKUP(A34,거래처!B:Z,21,0),"") -> （주）디투어패럴
S35: =O35 -> 0 | T35: =H35*L35 -> 0 | W35: =IFERROR(VLOOKUP(A35,거래처!B:Z,21,0),"")
A36: KDG(부가세) | B36: 경기도 용인시 처인구 포곡읍 둔전로 49 | C36: 010-5818-0264 | D36: 010-5818-0264 | E36: S22537 | F36: 4081-1pt [부츠컷] | G36: 흑청/L/기본 | H36: 12500 | I36: 1 | L36: 1 | S36: =O36 -> 0 | T36: =H36*L36 -> 12500 | W36: =IFERROR(VLOOKUP(A36,거래처!B:Z,21,0),"") -> 케이디지
S37: =O37 -> 0 | T37: =H37*L37 -> 0 | W37: =IFERROR(VLOOKUP(A37,거래처!B:Z,21,0),"")
A38: 슬로그(누죤) | B38: 누죤 3층 429 | C38: 010-8780-0823 | D38: 010-8780-0823 | E38: S20982 | F38: 네스v넥 [반팔] | G38: 네이비 | H38: 14000 | I38: 1 | L38: 1 | S38: =O38 -> 0 | T38: =H38*L38 -> 14000 | W38: =IFERROR(VLOOKUP(A38,거래처!B:Z,21,0),"") -> 윤상원
A39: 슬로그(누죤) | B39: 누죤 3층 429 | C39: 010-8780-0823 | D39: 010-8780-0823 | E39: S20983 | F39: 네스v넥 [반팔] | G39: 멜란지 | H39: 14000 | I39: 1 | L39: 1 | S39: =O39 -> 0 | T39: =H39*L39 -> 14000 | W39: =IFERROR(VLOOKUP(A39,거래처!B:Z,21,0),"") -> 윤상원
A40: 슬로그(누죤) | B40: 누죤 3층 429 | C40: 010-8780-0823 | D40: 010-8780-0823 | E40: S21032 | F40: 카라배색빌리프 [반팔] | G40: 네이비 | H40: 15000 | I40: 1 | L40: 1 | S40: =O40 -> 0 | T40: =H40*L40 -> 15000 | W40: =IFERROR(VLOOKUP(A40,거래처!B:Z,21,0),"") -> 윤상원
S41: =O41 -> 0 | T41: =H41*L41 -> 0 | W41: =IFERROR(VLOOKUP(A41,거래처!B:Z,21,0),"")
A42: 페이브 | B42: 누죤 4층 605 | C42: 010-3917-9639 | D42: 010-3917-9639 | E42: S18729 | F42: 투미목걸이 | G42: 실버 | H42: 4000 | I42: 20 | L42: 20 | S42: =O42 -> 0 | T42: =H42*L42 -> 80000 | W42: =IFERROR(VLOOKUP(A42,거래처!B:Z,21,0),"") -> 이나은(페이브)
S43: =O43 -> 0 | T43: =H43*L43 -> 0 | W43: =IFERROR(VLOOKUP(A43,거래처!B:Z,21,0),"")
A44: 앨리 | B44: 누죤 지하 1층 514 | C44: 010-5098-5860 | D44: 010-5098-5860 | E44: S19112 | F44: 포어셔링슬림긴팔티 [긴팔] | G44: 연카키 | H44: 8000 | I44: 1 | L44: 1 | S44: =O44 -> 0 | T44: =H44*L44 -> 8000 | W44: =IFERROR(VLOOKUP(A44,거래처!B:Z,21,0),"") -> 신나겸이（앨리）
S45: =O45 -> 0 | T45: =H45*L45 -> 0 | W45: =IFERROR(VLOOKUP(A45,거래처!B:Z,21,0),"")
A46: 제니퍼 | B46: 디오트 1층 A-19 | C46: 010-2207-9789 | D46: 010-2207-9789 | E46: S21403 | F46: 골지단추u넥반팔nt [반팔] | G46: 검정 | H46: 6000 | I46: 1 | L46: 1 | S46: =O46 -> 0 | T46: =H46*L46 -> 6000 | W46: =IFERROR(VLOOKUP(A46,거래처!B:Z,21,0),"") -> 김미애(제니퍼)
A47: 제니퍼 | B47: 디오트 1층 A-19 | C47: 010-2207-9789 | D47: 010-2207-9789 | E47: S21404 | F47: 골지단추u넥반팔nt [반팔] | G47: 밤색 | H47: 6000 | I47: 3 | L47: 3 | S47: =O47 -> 0 | T47: =H47*L47 -> 18000 | W47: =IFERROR(VLOOKUP(A47,거래처!B:Z,21,0),"") -> 김미애(제니퍼)
A48: 제니퍼 | B48: 디오트 1층 A-19 | C48: 010-2207-9789 | D48: 010-2207-9789 | E48: S21405 | F48: 골지단추u넥반팔nt [반팔] | G48: 베이지 | H48: 6000 | I48: 3 | L48: 1 | S48: =O48 -> 0 | T48: =H48*L48 -> 6000 | W48: =IFERROR(VLOOKUP(A48,거래처!B:Z,21,0),"") -> 김미애(제니퍼)
A49: 제니퍼 | B49: 디오트 1층 A-19 | C49: 010-2207-9789 | D49: 010-2207-9789 | E49: S23458 | F49: 마인드반목 [반팔] | G49: 검정 | H49: 9000 | I49: 5 | L49: 2 | S49: =O49 -> 0 | T49: =H49*L49 -> 18000 | W49: =IFERROR(VLOOKUP(A49,거래처!B:Z,21,0),"") -> 김미애(제니퍼)
A50: 제니퍼 | B50: 디오트 1층 A-19 | C50: 010-2207-9789 | D50: 010-2207-9789 | E50: S23459 | F50: 마인드반목 [반팔] | G50: 베이지 | H50: 9000 | I50: 1 | L50: 1 | S50: =O50 -> 0 | T50: =H50*L50 -> 9000 | W50: =IFERROR(VLOOKUP(A50,거래처!B:Z,21,0),"") -> 김미애(제니퍼)
A51: 제니퍼 | B51: 디오트 1층 A-19 | C51: 010-2207-9789 | D51: 010-2207-9789 | E51: S23460 | F51: 마인드반목 [반팔] | G51: 아이 | H51: 9000 | I51: 12 | L51: 12 | S51: =O51 -> 0 | T51: =H51*L51 -> 108000 | W51: =IFERROR(VLOOKUP(A51,거래처!B:Z,21,0),"") -> 김미애(제니퍼)
A52: 제니퍼 | B52: 디오트 1층 A-19 | C52: 010-2207-9789 | D52: 010-2207-9789 | E52: S22345 | F52: 쁘띠반팔 [반팔] | G52: 밤색 | H52: 10000 | I52: 1 | L52: 1 | S52: =O52 -> 0 | T52: =H52*L52 -> 10000 | W52: =IFERROR(VLOOKUP(A52,거래처!B:Z,21,0),"") -> 김미애(제니퍼)
A53: 제니퍼 | B53: 디오트 1층 A-19 | C53: 010-2207-9789 | D53: 010-2207-9789 | E53: S22346 | F53: 쁘띠반팔 [반팔] | G53: 아이보리 | H53: 10000 | I53: 1 | L53: 1 | Q53: 미입고 일밤 | S53: =O53 -> 0 | T53: =H53*L53 -> 10000 | W53: =IFERROR(VLOOKUP(A53,거래처!B:Z,21,0),"") -> 김미애(제니퍼)
A54: 제니퍼 | B54: 디오트 1층 A-19 | C54: 010-2207-9789 | D54: 010-2207-9789 | E54: S21934 | F54: 아베크앞뒤t [반팔] | G54: 검정 | H54: 12000 | I54: 1 | L54: 1 | S54: =O54 -> 0 | T54: =H54*L54 -> 12000 | W54: =IFERROR(VLOOKUP(A54,거래처!B:Z,21,0),"") -> 김미애(제니퍼)
A55: 제니퍼 | B55: 디오트 1층 A-19 | C55: 010-2207-9789 | D55: 010-2207-9789 | E55: S21935 | F55: 아베크앞뒤t [반팔] | G55: 밤색 | H55: 12000 | I55: 1 | L55: 1 | S55: =O55 -> 0 | T55: =H55*L55 -> 12000 | W55: =IFERROR(VLOOKUP(A55,거래처!B:Z,21,0),"") -> 김미애(제니퍼)
A56: 제니퍼 | B56: 디오트 1층 A-19 | C56: 010-2207-9789 | D56: 010-2207-9789 | E56: S21936 | F56: 아베크앞뒤t [반팔] | G56: 베이지 | H56: 12000 | I56: 1 | S56: =O56 -> 0 | T56: =H56*L56 -> 0 | W56: =IFERROR(VLOOKUP(A56,거래처!B:Z,21,0),"") -> 김미애(제니퍼)
A57: 제니퍼 | B57: 디오트 1층 A-19 | C57: 010-2207-9789 | D57: 010-2207-9789 | E57: S21937 | F57: 아베크앞뒤t [반팔] | G57: 소라 | H57: 12000 | I57: 1 | L57: 1 | S57: =O57 -> 0 | T57: =H57*L57 -> 12000 | W57: =IFERROR(VLOOKUP(A57,거래처!B:Z,21,0),"") -> 김미애(제니퍼)
A58: 제니퍼 | B58: 디오트 1층 A-19 | C58: 010-2207-9789 | D58: 010-2207-9789 | E58: S21938 | F58: 아베크앞뒤t [반팔] | G58: 아이 | H58: 12000 | I58: 5 | L58: 3 | S58: =O58 -> 0 | T58: =H58*L58 -> 36000 | W58: =IFERROR(VLOOKUP(A58,거래처!B:Z,21,0),"") -> 김미애(제니퍼)
A59: 제니퍼 | B59: 디오트 1층 A-19 | C59: 010-2207-9789 | D59: 010-2207-9789 | E59: S23460 | F59: 마인드반목 [반팔] | G59: 아이 | H59: 9000 | R59: 8/28 더안불량(오염) | S59: =O59 -> 0 | T59: =H59*L59 -> 0 | W59: =IFERROR(VLOOKUP(A59,거래처!B:Z,21,0),"") -> 김미애(제니퍼)
S60: =O60 -> 0 | T60: =H60*L60 -> 0 | W60: =IFERROR(VLOOKUP(A60,거래처!B:Z,21,0),"")
A61: 딥 | B61: 디오트 1층 A-20 | C61: 02-2253-6681 | D61: 010-9174-5512 | E61: S21877 | F61: 370기본 [와이드] ☆ | G61: 1아이보리/L ☆2508 | H61: 12000 | I61: 1 | L61: 1 | S61: =O61 -> 0 | T61: =H61*L61 -> 12000 | W61: =IFERROR(VLOOKUP(A61,거래처!B:Z,21,0),"") -> （주）디씨패밀리
S62: =O62 -> 0 | T62: =H62*L62 -> 0 | W62: =IFERROR(VLOOKUP(A62,거래처!B:Z,21,0),"")
A63: 하라 | B63: 디오트 1층 B-04 | C63: 010-3047-2263 | D63: 010-3047-2263 | E63: S23235 | F63: 블레스나시 [캡소매] | G63: 크림 | H63: 15000 | I63: 10 | L63: 10 | S63: =O63 -> 0 | T63: =H63*L63 -> 150000 | W63: =IFERROR(VLOOKUP(A63,거래처!B:Z,21,0),"") -> 채경희(하라)
A64: 하라 | B64: 디오트 1층 B-04 | C64: 010-3047-2263 | D64: 010-3047-2263 | E64: S23042 | F64: 젤라또bl [캡소매] | G64: 베이지 | H64: 16000 | I64: 2 | Q64: 일밤 | S64: =O64 -> 0 | T64: =H64*L64 -> 0 | W64: =IFERROR(VLOOKUP(A64,거래처!B:Z,21,0),"") -> 채경희(하라)
A65: 하라 | B65: 디오트 1층 B-04 | C65: 010-3047-2263 | D65: 010-3047-2263 | E65: S23041 | F65: 젤라또bl [캡소매] | G65: 아이 | H65: 16000 | I65: 5 | L65: 5 | S65: =O65 -> 0 | T65: =H65*L65 -> 80000 | W65: =IFERROR(VLOOKUP(A65,거래처!B:Z,21,0),"") -> 채경희(하라)
A66: 하라 | B66: 디오트 1층 B-04 | C66: 010-3047-2263 | D66: 010-3047-2263 | E66: S23041 | F66: 젤라또bl [캡소매] | G66: 아이 | H66: 16000 | K66: 1 | N66: 1 | R66: 8/26 더안불량(오염) | S66: =O66 -> 0 | T66: =H66*L66 -> 0 | W66: =IFERROR(VLOOKUP(A66,거래처!B:Z,21,0),"") -> 채경희(하라)
A67: 하라 | B67: 디오트 1층 B-04 | C67: 010-3047-2263 | D67: 010-3047-2263 | E67: S23041 | F67: 젤라또bl [캡소매] | G67: 아이 | H67: 16000 | K67: 1 | N67: 1 | R67: 8/26 더안불량(오염) | S67: =O67 -> 0 | T67: =H67*L67 -> 0 | W67: =IFERROR(VLOOKUP(A67,거래처!B:Z,21,0),"") -> 채경희(하라)
A68: 하라 | B68: 디오트 1층 B-04 | C68: 010-3047-2263 | D68: 010-3047-2263 | E68: S23041 | F68: 젤라또bl [캡소매] | G68: 아이 | H68: 16000 | K68: 1 | Q68: 일밤 | R68: 8/27 더안불량(오염) | S68: =O68 -> 0 | T68: =H68*L68 -> 0 | W68: =IFERROR(VLOOKUP(A68,거래처!B:Z,21,0),"") -> 채경희(하라)
S69: =O69 -> 0 | T69: =H69*L69 -> 0 | W69: =IFERROR(VLOOKUP(A69,거래처!B:Z,21,0),"")
A70: 라우라 | B70: 디오트 1층 B-06 | D70: 010-8319-7838 | E70: S18258 | F70: 데일리하프폴라니트 (C) | G70: 소라★2412 | H70: 8000 | K70: 1 | Q70: 다음주문차감 | R70: 02/12 더안불량 (올나감) | S70: =O70 -> 0 | T70: =H70*L70 -> 0 | W70: =IFERROR(VLOOKUP(A70,거래처!B:Z,21,0),"") -> (주)도로시클로딩
A71: 라우라 | B71: 디오트 1층 B-06 | D71: 010-8319-7838 | E71: S18257 | F71: 데일리하프폴라니트 (C) | G71: 아이★2501 | H71: 8000 | K71: 1 | Q71: 다음주문차감 | R71: 02/06 더안불량 (오염) | S71: =O71 -> 0 | T71: =H71*L71 -> 0 | W71: =IFERROR(VLOOKUP(A71,거래처!B:Z,21,0),"") -> (주)도로시클로딩
S72: =O72 -> 0 | T72: =H72*L72 -> 0 | W72: =IFERROR(VLOOKUP(A72,거래처!B:Z,21,0),"")
A73: 더포르투나 | B73: 디오트 1층 B-13 | C73: 010-4084-7778 | D73: 010-4084-7778 | E73: S23437 | F73: d6091nt [긴팔] | G73: 아이보리 | H73: 11000 | K73: 1 | Q73: 다음주문차감 | R73: 8/27 더안불량(실밥마감불량) | S73: =O73 -> 0 | T73: =H73*L73 -> 0 | W73: =IFERROR(VLOOKUP(A73,거래처!B:Z,21,0),"") -> (주)더포르투나
S74: =O74 -> 0 | T74: =H74*L74 -> 0 | W74: =IFERROR(VLOOKUP(A74,거래처!B:Z,21,0),"")
A75: 아가씨 | B75: 디오트 1층 C-22 | C75: 02-2117-4443 | D75: 010-3410-8422 | E75: S23344 | F75: 벨트bl [반팔] | G75: 검정 | H75: 7000 | I75: 2 | L75: 2 | S75: =O75 -> 0 | T75: =H75*L75 -> 14000 | W75: =IFERROR(VLOOKUP(A75,거래처!B:Z,21,0),"") -> 이성현
A76: 아가씨 | B76: 디오트 1층 C-22 | C76: 02-2117-4443 | D76: 010-3410-8422 | E76: S23345 | F76: 벨트bl [반팔] | G76: 먹색 | H76: 7000 | I76: 6 | L76: 6 | S76: =O76 -> 0 | T76: =H76*L76 -> 42000 | W76: =IFERROR(VLOOKUP(A76,거래처!B:Z,21,0),"") -> 이성현
S77: =O77 -> 0 | T77: =H77*L77 -> 0 | W77: =IFERROR(VLOOKUP(A77,거래처!B:Z,21,0),"")
A78: 오드 | B78: 디오트 1층 C-26호 | D78: 010-8536-4549 | E78: S23482 | F78: 살안타홀터레이어드가디건 [긴팔] | G78: 검정 | H78: 9000 | I78: 4 | L78: 4 | S78: =O78 -> 0 | T78: =H78*L78 -> 36000 | W78: =IFERROR(VLOOKUP(A78,거래처!B:Z,21,0),"") -> 주식회사 오드점
S79: =O79 -> 0 | T79: =H79*L79 -> 0 | W79: =IFERROR(VLOOKUP(A79,거래처!B:Z,21,0),"")
A80: 룩 | B80: 디오트 1층 D-01 | C80: 02-2117-4111 | D80: 010-3621-1032 | E80: S20159 | F80: 라일라날개소매 [반팔] ▼ | G80: 검정 ▼ | H80: 8700 | I80: 3 | L80: 3 | S80: =O80 -> 0 | T80: =H80*L80 -> 26100 | W80: =IFERROR(VLOOKUP(A80,거래처!B:Z,21,0),"") -> 주식회사 룩어패럴
A81: 룩 | B81: 디오트 1층 D-01 | C81: 02-2117-4111 | D81: 010-3621-1032 | E81: S20161 | F81: 라일라날개소매 [반팔] ▼ | G81: 소라 ▼ | H81: 8700 | I81: 2 | L81: 2 | S81: =O81 -> 0 | T81: =H81*L81 -> 17400 | W81: =IFERROR(VLOOKUP(A81,거래처!B:Z,21,0),"") -> 주식회사 룩어패럴
A82: 룩 | B82: 디오트 1층 D-01 | C82: 02-2117-4111 | D82: 010-3621-1032 | E82: S20162 | F82: 라일라날개소매 [반팔] ▼ | G82: 아이 ▼ | H82: 8700 | I82: 10 | L82: 10 | S82: =O82 -> 0 | T82: =H82*L82 -> 87000 | W82: =IFERROR(VLOOKUP(A82,거래처!B:Z,21,0),"") -> 주식회사 룩어패럴
A83: 룩 | B83: 디오트 1층 D-01 | C83: 02-2117-4111 | D83: 010-3621-1032 | E83: S20164 | F83: 라일라날개소매 [반팔] ▼ | G83: 회색 ▼ | H83: 8700 | I83: 5 | L83: 5 | S83: =O83 -> 0 | T83: =H83*L83 -> 43500 | W83: =IFERROR(VLOOKUP(A83,거래처!B:Z,21,0),"") -> 주식회사 룩어패럴
A84: 룩 | B84: 디오트 1층 D-01 | C84: 02-2117-4111 | D84: 010-3621-1032 | E84: S21765 | F84: 앞뒤나시 [민소매] ☆ | G84: 밤색 ☆2508 | H84: 9000 | I84: 1 | L84: 1 | S84: =O84 -> 0 | T84: =H84*L84 -> 9000 | W84: =IFERROR(VLOOKUP(A84,거래처!B:Z,21,0),"") -> 주식회사 룩어패럴
A85: 룩 | B85: 디오트 1층 D-01 | C85: 02-2117-4111 | D85: 010-3621-1032 | E85: S21751 | F85: 언발단추반팔 [반팔] ▼ | G85: 아이보리 ▼ | H85: 10700 | I85: 1 | L85: 1 | S85: =O85 -> 0 | T85: =H85*L85 -> 10700 | W85: =IFERROR(VLOOKUP(A85,거래처!B:Z,21,0),"") -> 주식회사 룩어패럴
A86: 룩 | B86: 디오트 1층 D-01 | C86: 02-2117-4111 | D86: 010-3621-1032 | E86: S20061 | F86: 우드R [긴팔] | G86: 블랙 | H86: 9000 | I86: 1 | L86: 1 | S86: =O86 -> 0 | T86: =H86*L86 -> 9000 | W86: =IFERROR(VLOOKUP(A86,거래처!B:Z,21,0),"") -> 주식회사 룩어패럴
A87: 룩 | B87: 디오트 1층 D-01 | C87: 02-2117-4111 | D87: 010-3621-1032 | E87: S20060 | F87: 우드R [긴팔] | G87: 아이보리 | H87: 9000 | I87: 1 | L87: 1 | S87: =O87 -> 0 | T87: =H87*L87 -> 9000 | W87: =IFERROR(VLOOKUP(A87,거래처!B:Z,21,0),"") -> 주식회사 룩어패럴
A88: 룩 | B88: 디오트 1층 D-01 | C88: 02-2117-4111 | D88: 010-3621-1032 | E88: S22052 | F88: 크로스캡소매 [캡소매] ☆ | G88: 아이보리 ☆2507 | H88: 9000 | I88: 1 | Q88: 일밤 | S88: =O88 -> 0 | T88: =H88*L88 -> 0 | W88: =IFERROR(VLOOKUP(A88,거래처!B:Z,21,0),"") -> 주식회사 룩어패럴
A89: 룩 | B89: 디오트 1층 D-01 | C89: 02-2117-4111 | D89: 010-3621-1032 | E89: S21980 | F89: 클린사각나시 [민소매] | G89: 아이보리 | H89: 5000 | I89: 1 | L89: 1 | S89: =O89 -> 0 | T89: =H89*L89 -> 5000 | W89: =IFERROR(VLOOKUP(A89,거래처!B:Z,21,0),"") -> 주식회사 룩어패럴
A90: 룩 | B90: 디오트 1층 D-01 | C90: 02-2117-4111 | D90: 010-3621-1032 | E90: S20159 | F90: 라일라날개소매 [반팔] ▼ | G90: 검정 ▼ | H90: 8700 | K90: 1 | Q90: 다음주문차감 | R90: 8/27 더안불량(오염) | S90: =O90 -> 0 | T90: =H90*L90 -> 0 | W90: =IFERROR(VLOOKUP(A90,거래처!B:Z,21,0),"") -> 주식회사 룩어패럴
A91: 룩 | B91: 디오트 1층 D-01 | C91: 02-2117-4111 | D91: 010-3621-1032 | E91: S20162 | F91: 라일라날개소매 [반팔] ▼ | G91: 아이 ▼ | H91: 8700 | K91: 2 | Q91: 다음주문차감 | R91: 8/27 더안불량(오염) | S91: =O91 -> 0 | T91: =H91*L91 -> 0 | W91: =IFERROR(VLOOKUP(A91,거래처!B:Z,21,0),"") -> 주식회사 룩어패럴
A92: 룩 | B92: 디오트 1층 D-01 | C92: 02-2117-4111 | D92: 010-3621-1032 | E92: S20164 | F92: 라일라날개소매 [반팔] ▼ | G92: 회색 ▼ | H92: 8700 | K92: 1 | Q92: 다음주문차감 | R92: 8/27 더안불량(원단불량) | S92: =O92 -> 0 | T92: =H92*L92 -> 0 | W92: =IFERROR(VLOOKUP(A92,거래처!B:Z,21,0),"") -> 주식회사 룩어패럴
A93: 룩 | B93: 디오트 1층 D-01 | C93: 02-2117-4111 | D93: 010-3621-1032 | E93: S22192 | F93: 섀도우나시 [민소매] ☆ | G93: 아이보리 ☆2508 | H93: 8000 | K93: 1 | Q93: 차감함 | R93: 8/26 더안불량(어깨올풀림) | S93: =O93 -> 0 | T93: =H93*L93 -> 0 | W93: =IFERROR(VLOOKUP(A93,거래처!B:Z,21,0),"") -> 주식회사 룩어패럴
A94: 룩 | B94: 디오트 1층 D-01 | C94: 02-2117-4111 | D94: 010-3621-1032 | E94: S20805 | F94: 슬럽홀터넥나시 [민소매] ☆ | G94: 검정 ☆2508 | H94: 8000 | K94: 1 | Q94: 차감함 | R94: 8/26 더안불량(원단불량) | S94: =O94 -> 0 | T94: =H94*L94 -> 0 | W94: =IFERROR(VLOOKUP(A94,거래처!B:Z,21,0),"") -> 주식회사 룩어패럴
A95: 룩 | B95: 디오트 1층 D-01 | C95: 02-2117-4111 | D95: 010-3621-1032 | E95: S20060 | F95: 우드R [긴팔] | G95: 아이보리 | H95: 9000 | K95: 1 | Q95: 차감함 | R95: 8/26 더안불량(원단불량) | S95: =O95 -> 0 | T95: =H95*L95 -> 0 | W95: =IFERROR(VLOOKUP(A95,거래처!B:Z,21,0),"") -> 주식회사 룩어패럴
A96: 룩 | B96: 디오트 1층 D-01 | C96: 02-2117-4111 | D96: 010-3621-1032 | E96: S20162 | F96: 라일라날개소매 [반팔] ▼ | G96: 아이 ▼ | H96: 8700 | R96: 8/28 더안불량(오염) | S96: =O96 -> 0 | T96: =H96*L96 -> 0 | W96: =IFERROR(VLOOKUP(A96,거래처!B:Z,21,0),"") -> 주식회사 룩어패럴
A97: 룩 | B97: 디오트 1층 D-01 | C97: 02-2117-4111 | D97: 010-3621-1032 | E97: S20164 | F97: 라일라날개소매 [반팔] ▼ | G97: 회색 ▼ | H97: 8700 | R97: 8/28 더안불량(오염,잡사,올풀림) | S97: =O97 -> 0 | T97: =H97*L97 -> 0 | W97: =IFERROR(VLOOKUP(A97,거래처!B:Z,21,0),"") -> 주식회사 룩어패럴
A98: 룩 | B98: 디오트 1층 D-01 | C98: 02-2117-4111 | D98: 010-3621-1032 | E98: S21823 | F98: 셀렌투버튼cd [긴팔] | G98: 아이 | H98: 13000 | R98: 8/28 더안불량(오염) | S98: =O98 -> 0 | T98: =H98*L98 -> 0 | W98: =IFERROR(VLOOKUP(A98,거래처!B:Z,21,0),"") -> 주식회사 룩어패럴
S99: =O99 -> 0 | T99: =H99*L99 -> 0 | W99: =IFERROR(VLOOKUP(A99,거래처!B:Z,21,0),"")
A100: 모노폴리 | B100: 디오트 1층 D-05 | C100: 02-2117-8223 | D100: 010-2418-8223 | E100: S21524 | F100: 던쥬 [와이드] | G100: 검정/S | H100: 18000 | J100: 10 | Q100: 일밤 | R100: 미송10 | S100: =O100 -> 0 | T100: =H100*L100 -> 0 | U100: 360000 | V100: 45881 | W100: =IFERROR(VLOOKUP(A100,거래처!B:Z,21,0),"") -> 최원석
A101: 모노폴리 | B101: 디오트 1층 D-05 | C101: 02-2117-8223 | D101: 010-2418-8223 | E101: S21529 | F101: 던쥬 [와이드] | G101: 먹색/L | H101: 18000 | I101: 2 | L101: 2 | S101: =O101 -> 0 | T101: =H101*L101 -> 36000 | W101: =IFERROR(VLOOKUP(A101,거래처!B:Z,21,0),"") -> 최원석
A102: 모노폴리 | B102: 디오트 1층 D-05 | C102: 02-2117-8223 | D102: 010-2418-8223 | E102: S21528 | F102: 던쥬 [와이드] | G102: 먹색/M | H102: 18000 | J102: 3 | R102: 미송3 | S102: =O102 -> 0 | T102: =H102*L102 -> 0 | U102: 54000 | V102: 45883 | W102: =IFERROR(VLOOKUP(A102,거래처!B:Z,21,0),"") -> 최원석
...

Sheet 0827
A1: 가나다란 08/27(수밤) 주문서 | I1: 발주 | L1: 장끼 | O1: 입고 | P1: 차이
A2: 거래처명 | B2: 공급처주소 | C2: 공급처연락처 | D2: 공급처휴대전화 | E2: 상품코드 | F2: 공급처상품명 | G2: 공급처옵션 | H2: 원가 | I2: 신규주문 | J2: 미송 | K2: 교환 | L2: 장끼 | M2: 미송 | N2: 교환 | O2: 주문 | P2: 주문 | Q2: 삼촌 코멘트 | R2: 가나다란 코멘트 | S2: 실입고수 | T2: 오늘입금할금액 | U2: 미송/매입금액 | V2: 입금일 | W2: 공급처예금주
I3: 1886 | J3: 1111 | K3: 93 | L3: 837 | M3: 106 | N3: 7 | O3: 950 | P3: 0 | Q3: 0 | R3: 0 | S3: 950 | T3: 13811650 | U3: 16160500
Q4: ※ 주문서 작성시 KDG, 제이와이엠, 디피프로젝트 카톡 채널 공유 필수 | S4: 0 | T4: 0
A5: 썸 | B5: 본사반출 | F5: 시스루BL | G5: 검정 | R5: 08/26 본사반출 | S5: 0 | T5: 0 | W5: 홍성복
S6: 0 | T6: 0
A7: 리마인드 | B7: 경기도 고양시 일산동구 지영로 59-2 D동 | C7: 010-3918-2418 | D7: 010-9208-6514 | E7: S16834 | F7: 2420(부츠)sl (C) | G7: 블랙(숏L) | H7: 12000 | I7: 1 | L7: 1 | O7: 1 | S7: 1 | T7: 12000 | W7: （주）디투어패럴
A8: 리마인드 | B8: 경기도 고양시 일산동구 지영로 59-2 D동 | C8: 010-3918-2418 | D8: 010-9208-6514 | E8: S16796 | F8: 2420(부츠)sl (C) | G8: 아이보리(숏S) | H8: 12000 | I8: 1 | L8: 1 | O8: 1 | S8: 1 | T8: 12000 | W8: （주）디투어패럴
A9: 리마인드 | B9: 경기도 고양시 일산동구 지영로 59-2 D동 | C9: 010-3918-2418 | D9: 010-9208-6514 | E9: S16828 | F9: 2420(부츠)sl (C) | G9: 회색(기본L) | H9: 12000 | I9: 1 | L9: 1 | O9: 1 | S9: 1 | T9: 12000 | W9: （주）디투어패럴
A10: 리마인드 | B10: 경기도 고양시 일산동구 지영로 59-2 D동 | C10: 010-3918-2418 | D10: 010-9208-6514 | E10: S16823 | F10: 2420(부츠)sl (C) | G10: 회색(숏S) | H10: 12000 | I10: 1 | L10: 1 | O10: 1 | S10: 1 | T10: 12000 | W10: （주）디투어패럴
A11: 리마인드 | B11: 경기도 고양시 일산동구 지영로 59-2 D동 | C11: 010-3918-2418 | D11: 010-9208-6514 | E11: S22136 | F11: 4503 [반바지] | G11: 블랙/S | H11: 10000 | I11: 1 | L11: 1 | O11: 1 | S11: 1 | T11: 10000 | W11: （주）디투어패럴
A12: 리마인드 | B12: 경기도 고양시 일산동구 지영로 59-2 D동 | C12: 010-3918-2418 | D12: 010-9208-6514 | E12: S22130 | F12: 4503 [반바지] | G12: 아이보리/S | H12: 10000 | I12: 5 | L12: 5 | O12: 5 | S12: 5 | T12: 50000 | W12: （주）디투어패럴
A13: 리마인드 | B13: 경기도 고양시 일산동구 지영로 59-2 D동 | C13: 010-3918-2418 | D13: 010-9208-6514 | E13: S18813 | F13: 5007pt [부츠컷] | G13: 중청(M) | H13: 15000 | I13: 1 | L13: 1 | O13: 1 | S13: 1 | T13: 15000 | W13: （주）디투어패럴
A14: 리마인드 | B14: 경기도 고양시 일산동구 지영로 59-2 D동 | C14: 010-3918-2418 | D14: 010-9208-6514 | E14: S19666 | F14: 5100-3pt [부츠컷] | G14: 연청/M | H14: 14000 | I14: 1 | L14: 1 | O14: 1 | S14: 1 | T14: 14000 | W14: （주）디투어패럴
A15: 리마인드 | B15: 경기도 고양시 일산동구 지영로 59-2 D동 | C15: 010-3918-2418 | D15: 010-9208-6514 | E15: S19665 | F15: 5100-3pt [부츠컷] | G15: 연청/S | H15: 14000 | I15: 1 | L15: 1 | O15: 1 | S15: 1 | T15: 14000 | W15: （주）디투어패럴
A16: 리마인드 | B16: 경기도 고양시 일산동구 지영로 59-2 D동 | C16: 010-3918-2418 | D16: 010-9208-6514 | E16: S19244 | F16: 5106-5pt [와이드] | G16: 화이트(L,숏) | H16: 13000 | I16: 1 | L16: 1 | O16: 1 | S16: 1 | T16: 13000 | W16: （주）디투어패럴
A17: 리마인드 | B17: 경기도 고양시 일산동구 지영로 59-2 D동 | C17: 010-3918-2418 | D17: 010-9208-6514 | E17: S19243 | F17: 5106-5pt [와이드] | G17: 화이트(M,롱) | H17: 13000 | I17: 5 | L17: 5 | O17: 5 | S17: 5 | T17: 65000 | W17: （주）디투어패럴
A18: 리마인드 | B18: 경기도 고양시 일산동구 지영로 59-2 D동 | C18: 010-3918-2418 | D18: 010-9208-6514 | E18: S23476 | F18: 5409nt [반팔] | G18: 핑크 | H18: 9000 | I18: 2 | L18: 2 | O18: 2 | S18: 2 | T18: 18000 | W18: （주）디투어패럴
A19: 리마인드 | B19: 경기도 고양시 일산동구 지영로 59-2 D동 | C19: 010-3918-2418 | D19: 010-9208-6514 | E19: S23477 | F19: 5409nt [반팔] | G19: 화이트 | H19: 9000 | I19: 3 | L19: 3 | O19: 3 | S19: 3 | T19: 27000 | W19: （주）디투어패럴
A20: 리마인드 | B20: 경기도 고양시 일산동구 지영로 59-2 D동 | C20: 010-3918-2418 | D20: 010-9208-6514 | E20: S16811 | F20: 2420(부츠)sl (C) | G20: 베이지(롱S) | H20: 12000 | K20: 1 | O20: 0 | R20: 8/21 더안불량(오염) | S20: 0 | T20: 0 | W20: （주）디투어패럴
A21: 리마인드 | B21: 경기도 고양시 일산동구 지영로 59-2 D동 | C21: 010-3918-2418 | D21: 010-9208-6514 | E21: S16800 | F21: 2420(부츠)sl (C) | G21: 아이보리(기본M) | H21: 12000 | K21: 1 | O21: 0 | R21: 8/13 더안불량(오염) | S21: 0 | T21: 0 | W21: （주）디투어패럴
A22: 리마인드 | B22: 경기도 고양시 일산동구 지영로 59-2 D동 | C22: 010-3918-2418 | D22: 010-9208-6514 | E22: S16796 | F22: 2420(부츠)sl (C) | G22: 아이보리(숏S) | H22: 12000 | K22: 1 | O22: 0 | R22: 8/21 더안불량(오염) | S22: 0 | T22: 0 | W22: （주）디투어패럴
A23: 리마인드 | B23: 경기도 고양시 일산동구 지영로 59-2 D동 | C23: 010-3918-2418 | D23: 010-9208-6514 | E23: S22136 | F23: 4503 [반바지] | G23: 블랙/S | H23: 10000 | K23: 1 | O23: 0 | R23: 8/18 더안불량(양쪽길이 다름) | S23: 0 | T23: 0 | W23: （주）디투어패럴
A24: 리마인드 | B24: 경기도 고양시 일산동구 지영로 59-2 D동 | C24: 010-3918-2418 | D24: 010-9208-6514 | E24: S22131 | F24: 4503 [반바지] | G24: 아이보리/M | H24: 10000 | K24: 1 | O24: 0 | R24: 8/18 더안불량(오염) | S24: 0 | T24: 0 | W24: （주）디투어패럴
A25: 리마인드 | B25: 경기도 고양시 일산동구 지영로 59-2 D동 | C25: 010-3918-2418 | D25: 010-9208-6514 | E25: S19666 | F25: 5100-3pt [부츠컷] | G25: 연청/M | H25: 14000 | K25: 1 | O25: 0 | R25: 8/6 더안불량(오입고) | S25: 0 | T25: 0 | W25: （주）디투어패럴
A26: 리마인드 | B26: 경기도 고양시 일산동구 지영로 59-2 D동 | C26: 010-3918-2418 | D26: 010-9208-6514 | E26: S19241 | F26: 5106-5pt [와이드] | G26: 화이트(S,롱) | H26: 13000 | K26: 1 | O26: 0 | R26: 8/18 더안불량(오염) | S26: 0 | T26: 0 | W26: （주）디투어패럴
A27: 리마인드 | B27: 경기도 고양시 일산동구 지영로 59-2 D동 | C27: 010-3918-2418 | D27: 010-9208-6514 | E27: S19240 | F27: 5106-5pt [와이드] | G27: 화이트(S,숏) | H27: 13000 | K27: 1 | O27: 0 | R27: 8/18 더안불량(오염) | S27: 0 | T27: 0 | W27: （주）디투어패럴
A28: 리마인드 | B28: 경기도 고양시 일산동구 지영로 59-2 D동 | C28: 010-3918-2418 | D28: 010-9208-6514 | E28: S22018 | F28: 5412nt [반팔] | G28: 베이지 | H28: 11000 | K28: 1 | O28: 0 | R28: 8/14 더안불량(앞면 오염) | S28: 0 | T28: 0 | W28: （주）디투어패럴
A29: 리마인드 | B29: 경기도 고양시 일산동구 지영로 59-2 D동 | C29: 010-3918-2418 | D29: 010-9208-6514 | E29: S19665 | F29: 5100-3pt [부츠컷] | G29: 연청/S | H29: 14000 | K29: 1 | O29: 0 | R29: 8/27 더안불량(허리부분오염) | S29: 0 | T29: 0 | W29: （주）디투어패럴
A30: 리마인드 | B30: 경기도 고양시 일산동구 지영로 59-2 D동 | C30: 010-3918-2418 | D30: 010-9208-6514 | E30: S19243 | F30: 5106-5pt [와이드] | G30: 화이트(M,롱) | H30: 13000 | K30: 3 | O30: 0 | R30: 8/27 더안불량(오염) | S30: 0 | T30: 0 | W30: （주）디투어패럴
A31: 리마인드 | B31: 경기도 고양시 일산동구 지영로 59-2 D동 | C31: 010-3918-2418 | D31: 010-9208-6514 | E31: S19243 | F31: 5106-5pt [와이드] | G31: 화이트(M,롱) | H31: 13000 | O31: 0 | R31: 8/28 더안불량(오염,잡사) | S31: 0 | T31: 0 | W31: （주）디투어패럴
A32: 리마인드 | B32: 경기도 고양시 일산동구 지영로 59-2 D동 | C32: 010-3918-2418 | D32: 010-9208-6514 | E32: S23477 | F32: 5409nt [반팔] | G32: 화이트 | H32: 9000 | O32: 0 | R32: 8/28 더안불량(오염,봉제불량) | S32: 0 | T32: 0 | W32: （주）디투어패럴
O33: 0 | S33: 0 | T33: 0
A34: KDG(부가세) | B34: 경기도 용인시 처인구 포곡읍 둔전로 49 | C34: 010-5818-0264 | D34: 010-5818-0264 | E34: S22531 | F34: 4081-1pt [부츠컷] | G34: 흑청/S/기본 | H34: 12500 | I34: 1 | L34: 1 | O34: 1 | S34: 1 | T34: 12500 | W34: 케이디지
A35: KDG(부가세) | B35: 경기도 용인시 처인구 포곡읍 둔전로 49 | C35: 010-5818-0264 | D35: 010-5818-0264 | R35: 08/28 부가세 | S35: 0 | T35: 1250 | W35: 케이디지
O36: 0 | S36: 0 | T36: 0
A37: 슬로그(누죤) | B37: 누죤 3층 429 | C37: 010-8780-0823 | D37: 010-8780-0823 | E37: S20981 | F37: 네스v넥 [반팔] | G37: 검정 | H37: 14000 | I37: 1 | L37: 1 | O37: 1 | S37: 1 | T37: 14000 | W37: 윤상원
A38: 슬로그(누죤) | B38: 누죤 3층 429 | C38: 010-8780-0823 | D38: 010-8780-0823 | E38: S20985 | F38: 네스v넥 [반팔] | G38: 크림 | H38: 14000 | I38: 2 | L38: 2 | O38: 2 | S38: 2 | T38: 28000 | W38: 윤상원
A39: 슬로그(누죤) | B39: 누죤 3층 429 | C39: 010-8780-0823 | D39: 010-8780-0823 | E39: S20770 | F39: 빌리프골지카라니트 [반팔] | G39: 검정 | H39: 15000 | I39: 3 | L39: 3 | O39: 3 | S39: 3 | T39: 45000 | W39: 윤상원
A40: 슬로그(누죤) | B40: 누죤 3층 429 | C40: 010-8780-0823 | D40: 010-8780-0823 | E40: S20771 | F40: 빌리프골지카라니트 [반팔] | G40: 멜란지 | H40: 15000 | I40: 2 | L40: 1 | O40: 1 | Q40: 나머지 목밤 | S40: 1 | T40: 15000 | W40: 윤상원
A41: 슬로그(누죤) | B41: 누죤 3층 429 | C41: 010-8780-0823 | D41: 010-8780-0823 | E41: S21032 | F41: 카라배색빌리프 [반팔] | G41: 네이비 | H41: 15000 | I41: 1 | L41: 1 | O41: 1 | S41: 1 | T41: 15000 | W41: 윤상원
O42: 0 | S42: 0 | T42: 0
A43: 페이브 | B43: 누죤 4층 605 | C43: 010-3917-9639 | D43: 010-3917-9639 | E43: S18730 | F43: 투미목걸이 | G43: 골드 | H43: 4000 | I43: 3 | L43: 3 | O43: 3 | S43: 3 | T43: 12000 | W43: 이나은(페이브)
A44: 페이브 | B44: 누죤 4층 605 | C44: 010-3917-9639 | D44: 010-3917-9639 | E44: S18729 | F44: 투미목걸이 | G44: 실버 | H44: 4000 | I44: 40 | L44: 40 | O44: 40 | S44: 40 | T44: 160000 | W44: 이나은(페이브)
O45: 0 | S45: 0 | T45: 0
A46: 두유 | B46: 디오트 1층 A-01 | C46: 010-6691-8676 | D46: 010-6691-8676 | E46: S22457 | F46: 리틀셔링반팔티 [반팔] | G46: 소라 | H46: 6000 | I46: 3 | L46: 3 | O46: 3 | S46: 3 | T46: 18000 | W46: 주식회사 두유
A47: 두유 | B47: 디오트 1층 A-01 | C47: 010-6691-8676 | D47: 010-6691-8676 | E47: S22459 | F47: 리틀셔링반팔티 [반팔] | G47: 회색 | H47: 6000 | I47: 1 | L47: 1 | O47: 1 | S47: 1 | T47: 6000 | W47: 주식회사 두유
O48: 0 | S48: 0 | T48: 0
A49: 나루 | B49: 디오트 1층 A-11 | C49: 02-2117-8051 | D49: 010-5621-8051 | E49: S21597 | F49: 포켓셔츠나시세트 [끈나시셔츠set] | G49: 회색 | H49: 10000 | I49: 1 | L49: 1 | O49: 1 | S49: 1 | T49: 10000 | W49: 주식회사 터프나루
O50: 0 | S50: 0 | T50: 0
A51: 제니퍼 | B51: 디오트 1층 A-19 | C51: 010-2207-9789 | D51: 010-2207-9789 | E51: S21403 | F51: 골지단추u넥반팔nt [반팔] | G51: 검정 | H51: 6000 | I51: 1 | L51: 1 | O51: 1 | S51: 1 | T51: 6000 | W51: 김미애(제니퍼)
A52: 제니퍼 | B52: 디오트 1층 A-19 | C52: 010-2207-9789 | D52: 010-2207-9789 | E52: S22356 | F52: 니퍼랩 [캡소매] | G52: 베이지 | H52: 9000 | I52: 1 | L52: 1 | O52: 1 | S52: 1 | T52: 9000 | W52: 김미애(제니퍼)
A53: 제니퍼 | B53: 디오트 1층 A-19 | C53: 010-2207-9789 | D53: 010-2207-9789 | E53: S23458 | F53: 마인드반목 [반팔] | G53: 검정 | H53: 9000 | I53: 1 | L53: 1 | O53: 1 | S53: 1 | T53: 9000 | W53: 김미애(제니퍼)
A54: 제니퍼 | B54: 디오트 1층 A-19 | C54: 010-2207-9789 | D54: 010-2207-9789 | E54: S23459 | F54: 마인드반목 [반팔] | G54: 베이지 | H54: 9000 | I54: 1 | L54: 1 | O54: 1 | S54: 1 | T54: 9000 | W54: 김미애(제니퍼)
A55: 제니퍼 | B55: 디오트 1층 A-19 | C55: 010-2207-9789 | D55: 010-2207-9789 | E55: S23460 | F55: 마인드반목 [반팔] | G55: 아이 | H55: 9000 | I55: 15 | L55: 4 | O55: 4 | S55: 4 | T55: 36000 | W55: 김미애(제니퍼)
A56: 제니퍼 | B56: 디오트 1층 A-19 | C56: 010-2207-9789 | D56: 010-2207-9789 | E56: S23461 | F56: 마인드반목 [반팔] | G56: 회색 | H56: 9000 | I56: 10 | L56: 5 | O56: 5 | S56: 5 | T56: 45000 | W56: 김미애(제니퍼)
A57: 제니퍼 | B57: 디오트 1층 A-19 | C57: 010-2207-9789 | D57: 010-2207-9789 | E57: S22345 | F57: 쁘띠반팔 [반팔] | G57: 밤색 | H57: 10000 | I57: 1 | O57: 0 | Q57: 미입고 목밤 | S57: 0 | T57: 0 | W57: 김미애(제니퍼)
A58: 제니퍼 | B58: 디오트 1층 A-19 | C58: 010-2207-9789 | D58: 010-2207-9789 | E58: S22347 | F58: 쁘띠반팔 [반팔] | G58: 연회색 | H58: 10000 | I58: 1 | L58: 1 | O58: 1 | S58: 1 | T58: 10000 | W58: 김미애(제니퍼)
A59: 제니퍼 | B59: 디오트 1층 A-19 | C59: 010-2207-9789 | D59: 010-2207-9789 | E59: S21934 | F59: 아베크앞뒤t [반팔] | G59: 검정 | H59: 12000 | I59: 2 | L59: 2 | O59: 2 | S59: 2 | T59: 24000 | W59: 김미애(제니퍼)
A60: 제니퍼 | B60: 디오트 1층 A-19 | C60: 010-2207-9789 | D60: 010-2207-9789 | E60: S21935 | F60: 아베크앞뒤t [반팔] | G60: 밤색 | H60: 12000 | I60: 1 | L60: 1 | O60: 1 | S60: 1 | T60: 12000 | W60: 김미애(제니퍼)
A61: 제니퍼 | B61: 디오트 1층 A-19 | C61: 010-2207-9789 | D61: 010-2207-9789 | E61: S21938 | F61: 아베크앞뒤t [반팔] | G61: 아이 | H61: 12000 | I61: 1 | L61: 1 | O61: 1 | S61: 1 | T61: 12000 | W61: 김미애(제니퍼)
A62: 제니퍼 | B62: 디오트 1층 A-19 | C62: 010-2207-9789 | D62: 010-2207-9789 | E62: S23460 | F62: 마인드반목 [반팔] | G62: 아이 | H62: 9000 | O62: 0 | R62: 8/28 더안불량(오염) | S62: 0 | T62: 0 | W62: 김미애(제니퍼)
O63: 0 | S63: 0 | T63: 0
A64: 딥 | B64: 디오트 1층 A-20 | C64: 02-2253-6681 | D64: 010-9174-5512 | E64: S21877 | F64: 370기본 [와이드] ☆ | G64: 1아이보리/L ☆2508 | H64: 12000 | I64: 3 | L64: 1 | O64: 1 | Q64: 나머지 목밤 | S64: 1 | T64: 12000 | W64: （주）디씨패밀리
A65: 딥 | B65: 디오트 1층 A-20 | C65: 02-2253-6681 | D65: 010-9174-5512 | E65: S22639 | F65: 5560 [와이드] | G65: 아이보리/S | H65: 15000 | I65: 1 | L65: 1 | O65: 1 | S65: 1 | T65: 15000 | W65: （주）디씨패밀리
A66: 딥 | B66: 디오트 1층 A-20 | C66: 02-2253-6681 | D66: 010-9174-5512 | E66: S19820 | F66: 2073pt [와이드] ☆ | G66: 진청/M ☆2506 | H66: 19000 | K66: 1 | O66: 0 | Q66: 차감함 | R66: 08/25더안불량(원단 올풀림) | S66: 0 | T66: -19000 | W66: （주）디씨패밀리
O67: 0 | S67: 0 | T67: 0
A68: 하라 | B68: 디오트 1층 B-04 | C68: 010-3047-2263 | D68: 010-3047-2263 | E68: S23235 | F68: 블레스나시 [캡소매] | G68: 크림 | H68: 15000 | I68: 10 | O68: 0 | Q68: 목밤 | S68: 0 | T68: 0 | W68: 채경희(하라)
A69: 하라 | B69: 디오트 1층 B-04 | C69: 010-3047-2263 | D69: 010-3047-2263 | E69: S23040 | F69: 젤라또bl [캡소매] | G69: 검정 | H69: 16000 | I69: 5 | L69: 5 | O69: 5 | S69: 5 | T69: 80000 | W69: 채경희(하라)
A70: 하라 | B70: 디오트 1층 B-04 | C70: 010-3047-2263 | D70: 010-3047-2263 | E70: S23042 | F70: 젤라또bl [캡소매] | G70: 베이지 | H70: 16000 | I70: 1 | L70: 1 | O70: 1 | S70: 1 | T70: 16000 | W70: 채경희(하라)
A71: 하라 | B71: 디오트 1층 B-04 | C71: 010-3047-2263 | D71: 010-3047-2263 | E71: S23041 | F71: 젤라또bl [캡소매] | G71: 아이 | H71: 16000 | I71: 10 | O71: 0 | Q71: 목밤 | S71: 0 | T71: 0 | W71: 채경희(하라)
A72: 하라 | B72: 디오트 1층 B-04 | C72: 010-3047-2263 | D72: 010-3047-2263 | E72: S23041 | F72: 젤라또bl [캡소매] | G72: 아이 | H72: 16000 | K72: 1 | O72: 0 | Q72: 목밤 | R72: 8/26 더안불량(오염) | S72: 0 | T72: 0 | W72: 채경희(하라)
A73: 하라 | B73: 디오트 1층 B-04 | C73: 010-3047-2263 | D73: 010-3047-2263 | E73: S23041 | F73: 젤라또bl [캡소매] | G73: 아이 | H73: 16000 | K73: 1 | O73: 0 | Q73: 목밤 | R73: 8/26 더안불량(오염) | S73: 0 | T73: 0 | W73: 채경희(하라)
A74: 하라 | B74: 디오트 1층 B-04 | C74: 010-3047-2263 | D74: 010-3047-2263 | E74: S23041 | F74: 젤라또bl [캡소매] | G74: 아이 | H74: 16000 | K74: 1 | O74: 0 | R74: 8/27 더안불량(오염) | S74: 0 | T74: 0 | W74: 채경희(하라)
O75: 0 | S75: 0 | T75: 0
A76: 라우라 | B76: 디오트 1층 B-06 | D76: 010-8319-7838 | E76: S18258 | F76: 데일리하프폴라니트 (C) | G76: 소라★2412 | H76: 8000 | K76: 1 | O76: 0 | Q76: 다음주문차감 | R76: 02/12 더안불량 (올나감) | S76: 0 | T76: 0 | W76: (주)도로시클로딩
A77: 라우라 | B77: 디오트 1층 B-06 | D77: 010-8319-7838 | E77: S18257 | F77: 데일리하프폴라니트 (C) | G77: 아이★2501 | H77: 8000 | K77: 1 | O77: 0 | Q77: 다음주문차감 | R77: 02/06 더안불량 (오염) | S77: 0 | T77: 0 | W77: (주)도로시클로딩
O78: 0 | S78: 0 | T78: 0
A79: 더포르투나 | B79: 디오트 1층 B-13 | C79: 010-4084-7778 | D79: 010-4084-7778 | E79: S23436 | F79: d6091nt [긴팔] | G79: 검정 | H79: 11000 | I79: 1 | L79: 1 | O79: 1 | S79: 1 | T79: 11000 | W79: (주)더포르투나
A80: 더포르투나 | B80: 디오트 1층 B-13 | C80: 010-4084-7778 | D80: 010-4084-7778 | E80: S23437 | F80: d6091nt [긴팔] | G80: 아이보리 | H80: 11000 | I80: 15 | L80: 15 | O80: 15 | S80: 15 | T80: 165000 | W80: (주)더포르투나
A81: 더포르투나 | B81: 디오트 1층 B-13 | C81: 010-4084-7778 | D81: 010-4084-7778 | E81: S23437 | F81: d6091nt [긴팔] | G81: 아이보리 | H81: 11000 | K81: 1 | O81: 0 | R81: 8/27 더안불량(실밥마감불량) | S81: 0 | T81: 0 | W81: (주)더포르투나
O82: 0 | S82: 0 | T82: 0
A83: 아가씨 | B83: 디오트 1층 C-22 | C83: 02-2117-4443 | D83: 010-3410-8422 | E83: S23344 | F83: 벨트bl [반팔] | G83: 검정 | H83: 7000 | I83: 1 | L83: 1 | O83: 1 | S83: 1 | T83: 7000 | W83: 이성현
A84: 아가씨 | B84: 디오트 1층 C-22 | C84: 02-2117-4443 | D84: 010-3410-8422 | E84: S23345 | F84: 벨트bl [반팔] | G84: 먹색 | H84: 7000 | I84: 2 | O84: 0 | Q84: 목밤 | S84: 0 | T84: 0 | W84: 이성현
A85: 아가씨 | B85: 디오트 1층 C-22 | C85: 02-2117-4443 | D85: 010-3410-8422 | E85: S23479 | F85: 샤이st셔츠 [긴팔] | G85: 검정 | H85: 13000 | I85: 2 | L85: 2 | O85: 2 | S85: 2 | T85: 26000 | W85: 이성현
O86: 0 | S86: 0 | T86: 0
A87: 오드 | B87: 디오트 1층 C-26호 | D87: 010-8536-4549 | E87: S23482 | F87: 살안타홀터레이어드가디건 [긴팔] | G87: 검정 | H87: 9000 | I87: 7 | O87: 0 | Q87: 목밤 | S87: 0 | T87: 0 | W87: 주식회사 오드점
A88: 오드 | B88: 디오트 1층 C-26호 | D88: 010-8536-4549 | E88: S23483 | F88: 살안타홀터레이어드가디건 [긴팔] | G88: 먹색 | H88: 9000 | I88: 10 | L88: 10 | O88: 10 | S88: 10 | T88: 90000 | W88: 주식회사 오드점
O89: 0 | S89: 0 | T89: 0
A90: 룩 | B90: 디오트 1층 D-01 | C90: 02-2117-4111 | D90: 010-3621-1032 | E90: S20159 | F90: 라일라날개소매 [반팔] ▼ | G90: 검정 ▼ | H90: 8700 | I90: 2 | L90: 2 | O90: 2 | S90: 2 | T90: 17400 | W90: 주식회사 룩어패럴
A91: 룩 | B91: 디오트 1층 D-01 | C91: 02-2117-4111 | D91: 010-3621-1032 | E91: S20162 | F91: 라일라날개소매 [반팔] ▼ | G91: 아이 ▼ | H91: 8700 | I91: 20 | L91: 20 | O91: 20 | S91: 20 | T91: 174000 | W91: 주식회사 룩어패럴
A92: 룩 | B92: 디오트 1층 D-01 | C92: 02-2117-4111 | D92: 010-3621-1032 | E92: S20164 | F92: 라일라날개소매 [반팔] ▼ | G92: 회색 ▼ | H92: 8700 | I92: 10 | L92: 10 | O92: 10 | S92: 10 | T92: 87000 | W92: 주식회사 룩어패럴
A93: 룩 | B93: 디오트 1층 D-01 | C93: 02-2117-4111 | D93: 010-3621-1032 | E93: S22192 | F93: 섀도우나시 [민소매] ☆ | G93: 아이보리 ☆2508 | H93: 8000 | I93: 1 | L93: 1 | O93: 1 | S93: 1 | T93: 8000 | W93: 주식회사 룩어패럴
A94: 룩 | B94: 디오트 1층 D-01 | C94: 02-2117-4111 | D94: 010-3621-1032 | E94: S21823 | F94: 셀렌투버튼cd [긴팔] | G94: 아이 | H94: 13000 | I94: 5 | L94: 5 | O94: 5 | S94: 5 | T94: 65000 | W94: 주식회사 룩어패럴
A95: 룩 | B95: 디오트 1층 D-01 | C95: 02-2117-4111 | D95: 010-3621-1032 | E95: S21980 | F95: 클린사각나시 [민소매] | G95: 아이보리 | H95: 5000 | I95: 1 | L95: 1 | O95: 1 | S95: 1 | T95: 5000 | W95: 주식회사 룩어패럴
A96: 룩 | B96: 디오트 1층 D-01 | C96: 02-2117-4111 | D96: 010-3621-1032 | E96: S22192 | F96: 섀도우나시 [민소매] ☆ | G96: 아이보리 ☆2508 | H96: 8000 | K96: 1 | O96: 0 | Q96: 다음주문차감 | R96: 8/26 더안불량(어깨올풀림) | S96: 0 | T96: 0 | W96: 주식회사 룩어패럴
A97: 룩 | B97: 디오트 1층 D-01 | C97: 02-2117-4111 | D97: 010-3621-1032 | E97: S20805 | F97: 슬럽홀터넥나시 [민소매] ☆ | G97: 검정 ☆2508 | H97: 8000 | K97: 1 | O97: 0 | Q97: 다음주문차감 | R97: 8/26 더안불량(원단불량) | S97: 0 | T97: 0 | W97: 주식회사 룩어패럴
A98: 룩 | B98: 디오트 1층 D-01 | C98: 02-2117-4111 | D98: 010-3621-1032 | E98: S20060 | F98: 우드R [긴팔] | G98: 아이보리 | H98: 9000 | K98: 1 | O98: 0 | Q98: 다음주문차감 | R98: 8/26 더안불량(원단불량) | S98: 0 | T98: 0 | W98: 주식회사 룩어패럴
A99: 룩 | B99: 디오트 1층 D-01 | C99: 02-2117-4111 | D99: 010-3621-1032 | E99: S20159 | F99: 라일라날개소매 [반팔] ▼ | G99: 검정 ▼ | H99: 8700 | K99: 1 | O99: 0 | R99: 8/27 더안불량(오염) | S99: 0 | T99: 0 | W99: 주식회사 룩어패럴
A100: 룩 | B100: 디오트 1층 D-01 | C100: 02-2117-4111 | D100: 010-3621-1032 | E100: S20162 | F100: 라일라날개소매 [반팔] ▼ | G100: 아이 ▼ | H100: 8700 | K100: 2 | O100: 0 | R100: 8/27 더안불량(오염) | S100: 0 | T100: 0 | W100: 주식회사 룩어패럴
...

Sheet 0826
A1: 가나다란 08/26(화밤) 주문서 | I1: 발주 | L1: 장끼 | O1: 입고 | P1: 차이
A2: 거래처명 | B2: 공급처주소 | C2: 공급처연락처 | D2: 공급처휴대전화 | E2: 상품코드 | F2: 공급처상품명 | G2: 공급처옵션 | H2: 원가 | I2: 신규주문 | J2: 미송 | K2: 교환 | L2: 장끼 | M2: 미송 | N2: 교환 | O2: 주문 | P2: 주문 | Q2: 삼촌 코멘트 | R2: 가나다란 코멘트 | S2: 실입고수 | T2: 오늘입금할금액 | U2: 미송/매입금액 | V2: 입금일 | W2: 공급처예금주
I3: 1477 | J3: 1641 | K3: 112 | L3: 783 | M3: 626 | N3: 8 | O3: 1439 | P3: 0 | Q3: 0 | R3: 0 | S3: 585 | T3: 10614150 | U3: 22640400 | V3: 4589229
Q4: ※ 주문서 작성시 KDG, 제이와이엠, 디피프로젝트 카톡 채널 공유 필수 | S4: 0 | T4: 0
A5: 썸 | B5: 본사반출 | F5: 시스루BL | G5: 검정 | R5: 08/26 본사반출 | S5: 0 | T5: 0 | W5: 홍성복
S6: 0 | T6: 0
A7: 리마인드 | B7: 경기도 고양시 일산동구 지영로 59-2 D동 | C7: 010-3918-2418 | D7: 010-9208-6514 | E7: S16836 | F7: 2420(부츠)sl (C) | G7: 블랙(기본M) | H7: 12000 | I7: 10 | L7: 10 | O7: 10 | S7: 10 | T7: 120000 | W7: （주）디투어패럴
A8: 리마인드 | B8: 경기도 고양시 일산동구 지영로 59-2 D동 | C8: 010-3918-2418 | D8: 010-9208-6514 | E8: S16839 | F8: 2420(부츠)sl (C) | G8: 블랙(롱M) | H8: 12000 | I8: 5 | L8: 5 | O8: 5 | S8: 5 | T8: 60000 | W8: （주）디투어패럴
A9: 리마인드 | B9: 경기도 고양시 일산동구 지영로 59-2 D동 | C9: 010-3918-2418 | D9: 010-9208-6514 | E9: S22136 | F9: 4503 [반바지] | G9: 블랙/S | H9: 10000 | I9: 1 | L9: 1 | O9: 1 | S9: 1 | T9: 10000 | W9: （주）디투어패럴
A10: 리마인드 | B10: 경기도 고양시 일산동구 지영로 59-2 D동 | C10: 010-3918-2418 | D10: 010-9208-6514 | E10: S22130 | F10: 4503 [반바지] | G10: 아이보리/S | H10: 10000 | I10: 5 | L10: 5 | O10: 5 | S10: 5 | T10: 50000 | W10: （주）디투어패럴
A11: 리마인드 | B11: 경기도 고양시 일산동구 지영로 59-2 D동 | C11: 010-3918-2418 | D11: 010-9208-6514 | E11: S19243 | F11: 5106-5pt [와이드] | G11: 화이트(M,롱) | H11: 13000 | I11: 7 | L11: 7 | O11: 7 | S11: 7 | T11: 91000 | W11: （주）디투어패럴
A12: 리마인드 | B12: 경기도 고양시 일산동구 지영로 59-2 D동 | C12: 010-3918-2418 | D12: 010-9208-6514 | E12: S22018 | F12: 5412nt [반팔] | G12: 베이지 | H12: 9000 | I12: 3 | L12: 3 | O12: 3 | S12: 3 | T12: 27000 | W12: （주）디투어패럴
A13: 리마인드 | B13: 경기도 고양시 일산동구 지영로 59-2 D동 | C13: 010-3918-2418 | D13: 010-9208-6514 | E13: S22019 | F13: 5412nt [반팔] | G13: 블랙 | H13: 9000 | I13: 2 | L13: 2 | O13: 2 | S13: 2 | T13: 18000 | W13: （주）디투어패럴
A14: 리마인드 | B14: 경기도 고양시 일산동구 지영로 59-2 D동 | C14: 010-3918-2418 | D14: 010-9208-6514 | E14: S21624 | F14: 5507pt [와이드] | G14: 진청(5507-1)/L | H14: 16000 | I14: 1 | L14: 1 | O14: 1 | S14: 1 | T14: 16000 | W14: （주）디투어패럴
A15: 리마인드 | B15: 경기도 고양시 일산동구 지영로 59-2 D동 | C15: 010-3918-2418 | D15: 010-9208-6514 | E15: S16811 | F15: 2420(부츠)sl (C) | G15: 베이지(롱S) | H15: 12000 | K15: 1 | O15: 0 | R15: 8/21 더안불량(오염) | S15: 0 | T15: 0 | W15: （주）디투어패럴
A16: 리마인드 | B16: 경기도 고양시 일산동구 지영로 59-2 D동 | C16: 010-3918-2418 | D16: 010-9208-6514 | E16: S16800 | F16: 2420(부츠)sl (C) | G16: 아이보리(기본M) | H16: 12000 | K16: 1 | O16: 0 | R16: 8/13 더안불량(오염) | S16: 0 | T16: 0 | W16: （주）디투어패럴
A17: 리마인드 | B17: 경기도 고양시 일산동구 지영로 59-2 D동 | C17: 010-3918-2418 | D17: 010-9208-6514 | E17: S16796 | F17: 2420(부츠)sl (C) | G17: 아이보리(숏S) | H17: 12000 | K17: 1 | O17: 0 | R17: 8/21 더안불량(오염) | S17: 0 | T17: 0 | W17: （주）디투어패럴
A18: 리마인드 | B18: 경기도 고양시 일산동구 지영로 59-2 D동 | C18: 010-3918-2418 | D18: 010-9208-6514 | E18: S22136 | F18: 4503 [반바지] | G18: 블랙/S | H18: 10000 | K18: 1 | O18: 0 | R18: 8/18 더안불량(양쪽길이 다름) | S18: 0 | T18: 0 | W18: （주）디투어패럴
A19: 리마인드 | B19: 경기도 고양시 일산동구 지영로 59-2 D동 | C19: 010-3918-2418 | D19: 010-9208-6514 | E19: S22131 | F19: 4503 [반바지] | G19: 아이보리/M | H19: 10000 | K19: 1 | O19: 0 | R19: 8/18 더안불량(오염) | S19: 0 | T19: 0 | W19: （주）디투어패럴
A20: 리마인드 | B20: 경기도 고양시 일산동구 지영로 59-2 D동 | C20: 010-3918-2418 | D20: 010-9208-6514 | E20: S19666 | F20: 5100-3pt [부츠컷] | G20: 연청/M | H20: 14000 | K20: 1 | O20: 0 | R20: 8/6 더안불량(오입고) | S20: 0 | T20: 0 | W20: （주）디투어패럴
A21: 리마인드 | B21: 경기도 고양시 일산동구 지영로 59-2 D동 | C21: 010-3918-2418 | D21: 010-9208-6514 | E21: S19241 | F21: 5106-5pt [와이드] | G21: 화이트(S,롱) | H21: 13000 | K21: 1 | O21: 0 | R21: 8/18 더안불량(오염) | S21: 0 | T21: 0 | W21: （주）디투어패럴
A22: 리마인드 | B22: 경기도 고양시 일산동구 지영로 59-2 D동 | C22: 010-3918-2418 | D22: 010-9208-6514 | E22: S19240 | F22: 5106-5pt [와이드] | G22: 화이트(S,숏) | H22: 13000 | K22: 1 | O22: 0 | R22: 8/18 더안불량(오염) | S22: 0 | T22: 0 | W22: （주）디투어패럴
A23: 리마인드 | B23: 경기도 고양시 일산동구 지영로 59-2 D동 | C23: 010-3918-2418 | D23: 010-9208-6514 | E23: S22018 | F23: 5412nt [반팔] | G23: 베이지 | H23: 11000 | K23: 1 | O23: 0 | R23: 8/14 더안불량(앞면 오염) | S23: 0 | T23: 0 | W23: （주）디투어패럴
A24: 리마인드 | B24: 경기도 고양시 일산동구 지영로 59-2 D동 | C24: 010-3918-2418 | D24: 010-9208-6514 | E24: S19665 | F24: 5100-3pt [부츠컷] | G24: 연청/S | H24: 14000 | K24: 1 | O24: 0 | R24: 8/27 더안불량(허리부분오염) | S24: 0 | T24: 0 | W24: （주）디투어패럴
A25: 리마인드 | B25: 경기도 고양시 일산동구 지영로 59-2 D동 | C25: 010-3918-2418 | D25: 010-9208-6514 | E25: S19243 | F25: 5106-5pt [와이드] | G25: 화이트(M,롱) | H25: 13000 | K25: 3 | O25: 0 | R25: 8/27 더안불량(오염) | S25: 0 | T25: 0 | W25: （주）디투어패럴
O26: 0 | S26: 0 | T26: 0
A27: KDG(부가세) | B27: 경기도 용인시 처인구 포곡읍 둔전로 49 | C27: 010-5818-0264 | D27: 010-5818-0264 | E27: S22535 | F27: 4081-1pt [부츠컷] | G27: 흑청/M/롱 | H27: 12500 | I27: 2 | L27: 2 | O27: 2 | S27: 2 | T27: 25000 | W27: 케이디지
A28: KDG(부가세) | B28: 경기도 용인시 처인구 포곡읍 둔전로 49 | C28: 010-5818-0264 | D28: 010-5818-0264 | E28: S22533 | F28: 4081-1pt [부츠컷] | G28: 흑청/M/숏 | H28: 12500 | I28: 1 | L28: 1 | O28: 1 | S28: 1 | T28: 12500 | W28: 케이디지
A29: KDG(부가세) | B29: 경기도 용인시 처인구 포곡읍 둔전로 49 | C29: 010-5818-0264 | D29: 010-5818-0264 | F29: 샘플픽업 | O29: 0 | Q29: OK | S29: 0 | T29: 0 | W29: 케이디지
A30: KDG(부가세) | B30: 경기도 용인시 처인구 포곡읍 둔전로 49 | C30: 010-5818-0264 | D30: 010-5818-0264 | O30: 0 | R30: 08/27 부가세 | S30: 0 | T30: 3750 | W30: 케이디지
O31: 0 | S31: 0 | T31: 0
A32: 마젠타 | B32: 남평화 3층 가-15,16 | C32: 010-3801-1516 | D32: 010-3801-1516 | E32: S16411 | F32: 부드러운반목니트반팔 [5부] | G32: 회색 | H32: 6000 | I32: 1 | L32: 1 | O32: 1 | S32: 1 | T32: 6000 | W32: (주)마젠타어패럴그
O33: 0 | S33: 0 | T33: 0
A34: 리머블 | B34: 남평화 지하 1층 B-14 | C34: 010-7761-8021 | D34: 010-7761-8021 | E34: S22866 | F34: 8900 [가방] | G34: 블랙 | H34: 13000 | I34: 1 | O34: 0 | Q34: 칼라품절 | S34: 0 | T34: 0 | W34: 정자영(리머블)
O35: 0 | S35: 0 | T35: 0
A36: 메바 | B36: 남평화 지하 1층 신관 20,21 | C36: 02-2235-0231 | D36: 010-9988-0231 | F36: 샘플픽업 | O36: 0 | Q36: OK | S36: 0 | T36: 0 | W36: 한관수
O37: 0 | S37: 0 | T37: 0
A38: 슬로그(누죤) | B38: 누죤 3층 429 | C38: 010-8780-0823 | D38: 010-8780-0823 | E38: S20771 | F38: 빌리프골지카라니트 [반팔] | G38: 멜란지 | H38: 15000 | I38: 1 | L38: 1 | O38: 1 | S38: 1 | T38: 15000 | W38: 윤상원
O39: 0 | S39: 0 | T39: 0
A40: 페이브 | B40: 누죤 4층 605 | C40: 010-3917-9639 | D40: 010-3917-9639 | E40: S18729 | F40: 투미목걸이 | G40: 실버 | H40: 4000 | I40: 30 | L40: 30 | O40: 30 | S40: 30 | T40: 120000 | W40: 이나은(페이브)
O41: 0 | S41: 0 | T41: 0
A42: 앨리 | B42: 누죤 지하 1층 514 | C42: 010-5098-5860 | D42: 010-5098-5860 | E42: S19111 | F42: 포어셔링슬림긴팔티 [긴팔] | G42: 브라운 | H42: 8000 | I42: 1 | L42: 1 | O42: 1 | S42: 1 | T42: 8000 | W42: 신나겸이（앨리）
O43: 0 | S43: 0 | T43: 0
A44: 두유 | B44: 디오트 1층 A-01 | C44: 010-6691-8676 | D44: 010-6691-8676 | E44: S22457 | F44: 리틀셔링반팔티 [반팔] | G44: 소라 | H44: 6000 | I44: 3 | O44: 0 | Q44: 목밤 | S44: 0 | T44: 0 | W44: 주식회사 두유
O45: 0 | S45: 0 | T45: 0
A46: 나루 | B46: 디오트 1층 A-11 | C46: 02-2117-8051 | D46: 010-5621-8051 | E46: S21595 | F46: 포켓셔츠나시세트 [끈나시셔츠set] | G46: 아이보리 | H46: 10000 | I46: 1 | L46: 1 | O46: 1 | S46: 1 | T46: 10000 | W46: 주식회사 터프나루
O47: 0 | S47: 0 | T47: 0
A48: 제니퍼 | B48: 디오트 1층 A-19 | C48: 010-2207-9789 | D48: 010-2207-9789 | E48: S21403 | F48: 골지단추u넥반팔nt [반팔] | G48: 검정 | H48: 6000 | I48: 1 | L48: 1 | O48: 1 | S48: 1 | T48: 6000 | W48: 김미애(제니퍼)
A49: 제니퍼 | B49: 디오트 1층 A-19 | C49: 010-2207-9789 | D49: 010-2207-9789 | E49: S21405 | F49: 골지단추u넥반팔nt [반팔] | G49: 베이지 | H49: 6000 | I49: 2 | L49: 2 | O49: 2 | S49: 2 | T49: 12000 | W49: 김미애(제니퍼)
A50: 제니퍼 | B50: 디오트 1층 A-19 | C50: 010-2207-9789 | D50: 010-2207-9789 | E50: S23458 | F50: 마인드반목 [반팔] | G50: 검정 | H50: 9000 | I50: 1 | L50: 1 | O50: 1 | S50: 1 | T50: 9000 | W50: 김미애(제니퍼)
A51: 제니퍼 | B51: 디오트 1층 A-19 | C51: 010-2207-9789 | D51: 010-2207-9789 | E51: S23460 | F51: 마인드반목 [반팔] | G51: 아이 | H51: 9000 | I51: 5 | L51: 3 | O51: 3 | S51: 3 | T51: 27000 | W51: 김미애(제니퍼)
A52: 제니퍼 | B52: 디오트 1층 A-19 | C52: 010-2207-9789 | D52: 010-2207-9789 | E52: S23461 | F52: 마인드반목 [반팔] | G52: 회색 | H52: 9000 | I52: 15 | L52: 13 | O52: 13 | Q52: 미입고 수밤 | S52: 13 | T52: 117000 | W52: 김미애(제니퍼)
A53: 제니퍼 | B53: 디오트 1층 A-19 | C53: 010-2207-9789 | D53: 010-2207-9789 | E53: S22345 | F53: 쁘띠반팔 [반팔] | G53: 밤색 | H53: 10000 | I53: 1 | L53: 1 | O53: 1 | S53: 1 | T53: 10000 | W53: 김미애(제니퍼)
A54: 제니퍼 | B54: 디오트 1층 A-19 | C54: 010-2207-9789 | D54: 010-2207-9789 | E54: S21934 | F54: 아베크앞뒤t [반팔] | G54: 검정 | H54: 12000 | I54: 2 | L54: 1 | O54: 1 | S54: 1 | T54: 12000 | W54: 김미애(제니퍼)
A55: 제니퍼 | B55: 디오트 1층 A-19 | C55: 010-2207-9789 | D55: 010-2207-9789 | E55: S21935 | F55: 아베크앞뒤t [반팔] | G55: 밤색 | H55: 12000 | I55: 1 | L55: 1 | O55: 1 | S55: 1 | T55: 12000 | W55: 김미애(제니퍼)
A56: 제니퍼 | B56: 디오트 1층 A-19 | C56: 010-2207-9789 | D56: 010-2207-9789 | E56: S21938 | F56: 아베크앞뒤t [반팔] | G56: 아이 | H56: 12000 | I56: 1 | L56: 1 | O56: 1 | S56: 1 | T56: 12000 | W56: 김미애(제니퍼)
O57: 0 | S57: 0 | T57: 0
A58: 딥 | B58: 디오트 1층 A-20 | C58: 02-2253-6681 | D58: 010-9174-5512 | E58: S22640 | F58: 5560 [와이드] | G58: 아이보리/M | H58: 15000 | I58: 1 | L58: 1 | O58: 1 | S58: 1 | T58: 15000 | W58: （주）디씨패밀리
A59: 딥 | B59: 디오트 1층 A-20 | C59: 02-2253-6681 | D59: 010-9174-5512 | E59: S19820 | F59: 2073pt [와이드] ☆ | G59: 진청/M ☆2506 | H59: 19000 | K59: 1 | O59: 0 | Q59: 다음주문차감 | R59: 08/25더안불량(원단 올풀림) | S59: 0 | T59: 0 | W59: （주）디씨패밀리
O60: 0 | S60: 0 | T60: 0
A61: 디바샵(하모니어스) | B61: 디오트 1층 A-25 | C61: 02-2117-4828 | D61: 010-4963-4828 | E61: S22198 | F61: 와이p [와이드] ☆ | G61: 크림 ☆2508 | H61: 10000 | K61: 1 | N61: 1 | O61: 1 | R61: 08/25더안불량(오염) | S61: 1 | T61: 0 | W61: (주)디바샵
A62: 디바샵(하모니어스) | B62: 디오트 1층 A-25 | C62: 02-2117-4828 | D62: 010-4963-4828 | F62: 샘플픽업 | O62: 0 | Q62: OK | S62: 0 | T62: 0 | W62: (주)디바샵
O63: 0 | S63: 0 | T63: 0
A64: 하라 | B64: 디오트 1층 B-04 | C64: 010-3047-2263 | D64: 010-3047-2263 | E64: S23233 | F64: 블레스나시 [캡소매] | G64: 검정 | H64: 15000 | I64: 3 | L64: 3 | O64: 3 | S64: 3 | T64: 45000 | W64: 채경희(하라)
A65: 하라 | B65: 디오트 1층 B-04 | C65: 010-3047-2263 | D65: 010-3047-2263 | E65: S23235 | F65: 블레스나시 [캡소매] | G65: 크림 | H65: 15000 | I65: 3 | L65: 3 | O65: 3 | S65: 3 | T65: 45000 | W65: 채경희(하라)
A66: 하라 | B66: 디오트 1층 B-04 | C66: 010-3047-2263 | D66: 010-3047-2263 | E66: S23042 | F66: 젤라또bl [캡소매] | G66: 베이지 | H66: 16000 | I66: 2 | L66: 2 | O66: 2 | S66: 2 | T66: 32000 | W66: 채경희(하라)
A67: 하라 | B67: 디오트 1층 B-04 | C67: 010-3047-2263 | D67: 010-3047-2263 | E67: S23041 | F67: 젤라또bl [캡소매] | G67: 아이 | H67: 16000 | I67: 10 | O67: 0 | Q67: 목밤 | S67: 0 | T67: 0 | W67: 채경희(하라)
A68: 하라 | B68: 디오트 1층 B-04 | C68: 010-3047-2263 | D68: 010-3047-2263 | E68: S23235 | F68: 블레스나시 [캡소매] | G68: 크림 | H68: 15000 | K68: 1 | N68: 1 | O68: 1 | R68: 8/22 더안불량(오염) | S68: 1 | T68: 0 | W68: 채경희(하라)
A69: 하라 | B69: 디오트 1층 B-04 | C69: 010-3047-2263 | D69: 010-3047-2263 | E69: S23041 | F69: 젤라또bl [캡소매] | G69: 아이 | H69: 16000 | K69: 1 | O69: 0 | R69: 8/26 더안불량(오염) | S69: 0 | T69: 0 | W69: 채경희(하라)
A70: 하라 | B70: 디오트 1층 B-04 | C70: 010-3047-2263 | D70: 010-3047-2263 | E70: S23041 | F70: 젤라또bl [캡소매] | G70: 아이 | H70: 16000 | K70: 1 | O70: 0 | R70: 8/26 더안불량(오염) | S70: 0 | T70: 0 | W70: 채경희(하라)
A71: 하라 | B71: 디오트 1층 B-04 | C71: 010-3047-2263 | D71: 010-3047-2263 | E71: S23041 | F71: 젤라또bl [캡소매] | G71: 아이 | H71: 16000 | K71: 1 | O71: 0 | R71: 8/27 더안불량(오염) | S71: 0 | T71: 0 | W71: 채경희(하라)
O72: 0 | S72: 0 | T72: 0
A73: 라우라 | B73: 디오트 1층 B-06 | D73: 010-8319-7838 | E73: S18258 | F73: 데일리하프폴라니트 (C) | G73: 소라★2412 | H73: 8000 | K73: 1 | O73: 0 | Q73: 다음주문차감 | R73: 02/12 더안불량 (올나감) | S73: 0 | T73: 0 | W73: (주)도로시클로딩
A74: 라우라 | B74: 디오트 1층 B-06 | D74: 010-8319-7838 | E74: S18257 | F74: 데일리하프폴라니트 (C) | G74: 아이★2501 | H74: 8000 | K74: 1 | O74: 0 | Q74: 다음주문차감 | R74: 02/06 더안불량 (오염) | S74: 0 | T74: 0 | W74: (주)도로시클로딩
O75: 0 | S75: 0 | T75: 0
A76: 더포르투나 | B76: 디오트 1층 B-13 | C76: 010-4084-7778 | D76: 010-4084-7778 | E76: S23436 | F76: d6091nt [긴팔] | G76: 검정 | H76: 11000 | I76: 1 | L76: 1 | O76: 1 | S76: 1 | T76: 11000 | W76: (주)더포르투나
A77: 더포르투나 | B77: 디오트 1층 B-13 | C77: 010-4084-7778 | D77: 010-4084-7778 | E77: S23437 | F77: d6091nt [긴팔] | G77: 아이보리 | H77: 11000 | I77: 2 | L77: 2 | O77: 2 | S77: 2 | T77: 22000 | W77: (주)더포르투나
A78: 더포르투나 | B78: 디오트 1층 B-13 | C78: 010-4084-7778 | D78: 010-4084-7778 | E78: S23437 | F78: d6091nt [긴팔] | G78: 아이보리 | H78: 11000 | K78: 1 | O78: 0 | R78: 8/27 더안불량(실밥마감불량) | S78: 0 | T78: 0 | W78: (주)더포르투나
O79: 0 | S79: 0 | T79: 0
A80: 아가씨 | B80: 디오트 1층 C-22 | C80: 02-2117-4443 | D80: 010-3410-8422 | E80: S10371 | F80: 무지벨nb [긴팔] | G80: 크림 | H80: 8000 | I80: 5 | L80: 5 | O80: 5 | S80: 5 | T80: 40000 | W80: 이성현
A81: 아가씨 | B81: 디오트 1층 C-22 | C81: 02-2117-4443 | D81: 010-3410-8422 | E81: S23345 | F81: 벨트bl [반팔] | G81: 먹색 | H81: 7000 | I81: 1 | O81: 0 | S81: 0 | T81: 0 | W81: 이성현
A82: 아가씨 | B82: 디오트 1층 C-22 | C82: 02-2117-4443 | D82: 010-3410-8422 | E82: S23220 | F82: 투웨이bl [반팔] | G82: 소라 | H82: 9000 | I82: 3 | L82: 3 | O82: 3 | S82: 3 | T82: 27000 | W82: 이성현
O83: 0 | S83: 0 | T83: 0
A84: 룩 | B84: 디오트 1층 D-01 | C84: 02-2117-4111 | D84: 010-3621-1032 | E84: S20159 | F84: 라일라날개소매 [반팔] ▼ | G84: 검정 ▼ | H84: 8700 | I84: 10 | L84: 10 | O84: 10 | S84: 10 | T84: 87000 | W84: 주식회사 룩어패럴
A85: 룩 | B85: 디오트 1층 D-01 | C85: 02-2117-4111 | D85: 010-3621-1032 | E85: S20162 | F85: 라일라날개소매 [반팔] ▼ | G85: 아이 ▼ | H85: 8700 | I85: 10 | L85: 10 | O85: 10 | S85: 10 | T85: 87000 | W85: 주식회사 룩어패럴
A86: 룩 | B86: 디오트 1층 D-01 | C86: 02-2117-4111 | D86: 010-3621-1032 | E86: S20164 | F86: 라일라날개소매 [반팔] ▼ | G86: 회색 ▼ | H86: 8700 | I86: 15 | L86: 15 | O86: 15 | S86: 15 | T86: 130500 | W86: 주식회사 룩어패럴
A87: 룩 | B87: 디오트 1층 D-01 | C87: 02-2117-4111 | D87: 010-3621-1032 | E87: S22191 | F87: 섀도우나시 [민소매] ☆ | G87: 베이지 ☆2508 | H87: 8000 | I87: 1 | L87: 1 | O87: 1 | S87: 1 | T87: 8000 | W87: 주식회사 룩어패럴
A88: 룩 | B88: 디오트 1층 D-01 | C88: 02-2117-4111 | D88: 010-3621-1032 | E88: S21821 | F88: 셀렌투버튼cd [긴팔] | G88: 검정 | H88: 13000 | I88: 1 | L88: 1 | O88: 1 | S88: 1 | T88: 13000 | W88: 주식회사 룩어패럴
A89: 룩 | B89: 디오트 1층 D-01 | C89: 02-2117-4111 | D89: 010-3621-1032 | E89: S21823 | F89: 셀렌투버튼cd [긴팔] | G89: 아이 | H89: 13000 | I89: 4 | L89: 2 | O89: 2 | Q89: 나머지 수밤 | S89: 2 | T89: 26000 | W89: 주식회사 룩어패럴
A90: 룩 | B90: 디오트 1층 D-01 | C90: 02-2117-4111 | D90: 010-3621-1032 | E90: S20805 | F90: 슬럽홀터넥나시 [민소매] ☆ | G90: 검정 ☆2508 | H90: 8000 | I90: 2 | L90: 2 | O90: 2 | S90: 2 | T90: 16000 | W90: 주식회사 룩어패럴
A91: 룩 | B91: 디오트 1층 D-01 | C91: 02-2117-4111 | D91: 010-3621-1032 | E91: S20806 | F91: 슬럽홀터넥나시 [민소매] ☆ | G91: 베이지 ☆2508 | H91: 8000 | I91: 1 | L91: 1 | O91: 1 | S91: 1 | T91: 8000 | W91: 주식회사 룩어패럴
A92: 룩 | B92: 디오트 1층 D-01 | C92: 02-2117-4111 | D92: 010-3621-1032 | E92: S20808 | F92: 슬럽홀터넥나시 [민소매] ☆ | G92: 아이보리 ☆2508 | H92: 8000 | I92: 1 | L92: 1 | O92: 1 | S92: 1 | T92: 8000 | W92: 주식회사 룩어패럴
A93: 룩 | B93: 디오트 1층 D-01 | C93: 02-2117-4111 | D93: 010-3621-1032 | E93: S21751 | F93: 언발단추반팔 [반팔] ▼ | G93: 아이보리 ▼ | H93: 10700 | I93: 2 | L93: 2 | O93: 2 | S93: 2 | T93: 21400 | W93: 주식회사 룩어패럴
A94: 룩 | B94: 디오트 1층 D-01 | C94: 02-2117-4111 | D94: 010-3621-1032 | E94: S20396 | F94: 오브캡소매 [캡소매] ☆ | G94: 크림 ☆2508 | H94: 8000 | I94: 1 | L94: 1 | O94: 1 | S94: 1 | T94: 8000 | W94: 주식회사 룩어패럴
A95: 룩 | B95: 디오트 1층 D-01 | C95: 02-2117-4111 | D95: 010-3621-1032 | E95: S20062 | F95: 우드R [긴팔] | G95: 소라 | H95: 9000 | I95: 1 | L95: 1 | O95: 1 | S95: 1 | T95: 9000 | W95: 주식회사 룩어패럴
A96: 룩 | B96: 디오트 1층 D-01 | C96: 02-2117-4111 | D96: 010-3621-1032 | E96: S21789 | F96: 쿨슬림골지 [반팔] ▼ | G96: 아이보리 ▼ | H96: 10700 | I96: 5 | L96: 5 | O96: 5 | S96: 5 | T96: 53500 | W96: 주식회사 룩어패럴
A97: 룩 | B97: 디오트 1층 D-01 | C97: 02-2117-4111 | D97: 010-3621-1032 | E97: S21977 | F97: 클린사각나시 [민소매] | G97: 검정 | H97: 5000 | I97: 1 | L97: 1 | O97: 1 | S97: 1 | T97: 5000 | W97: 주식회사 룩어패럴
A98: 룩 | B98: 디오트 1층 D-01 | C98: 02-2117-4111 | D98: 010-3621-1032 | E98: S21980 | F98: 클린사각나시 [민소매] | G98: 아이보리 | H98: 5000 | I98: 1 | L98: 1 | O98: 1 | S98: 1 | T98: 5000 | W98: 주식회사 룩어패럴
A99: 룩 | B99: 디오트 1층 D-01 | C99: 02-2117-4111 | D99: 010-3621-1032 | E99: S22192 | F99: 섀도우나시 [민소매] ☆ | G99: 아이보리 ☆2508 | H99: 8000 | K99: 1 | O99: 0 | R99: 8/26 더안불량(어깨올풀림) | S99: 0 | T99: 0 | W99: 주식회사 룩어패럴
A100: 룩 | B100: 디오트 1층 D-01 | C100: 02-2117-4111 | D100: 010-3621-1032 | E100: S20805 | F100: 슬럽홀터넥나시 [민소매] ☆ | G100: 검정 ☆2508 | H100: 8000 | K100: 1 | O100: 0 | R100: 8/26 더안불량(원단불량) | S100: 0 | T100: 0 | W100: 주식회사 룩어패럴
...

Sheet 0825
A1: 가나다란 08/25(월밤) 주문서 | I1: 발주 | L1: 장끼 | O1: 입고 | P1: 차이
A2: 거래처명 | B2: 공급처주소 | C2: 공급처연락처 | D2: 공급처휴대전화 | E2: 상품코드 | F2: 공급처상품명 | G2: 공급처옵션 | H2: 원가 | I2: 신규주문 | J2: 미송 | K2: 교환 | L2: 장끼 | M2: 미송 | N2: 교환 | O2: 주문 | P2: 주문 | Q2: 삼촌 코멘트 | R2: 가나다란 코멘트 | S2: 실입고수 | T2: 오늘입금할금액 | U2: 미송/매입금액 | V2: 입금일 | W2: 공급처예금주
I3: 1865 | J3: 1859 | K3: 109 | L3: 1118 | M3: 368 | N3: 5 | O3: 1491 | P3: 0 | Q3: 0 | R3: 0 | S3: 1491 | T3: 15126600 | U3: 26049900 | V3: 5277501
Q4: ※ 주문서 작성시 KDG, 제이와이엠, 디피프로젝트 카톡 채널 공유 필수 | S4: 0 | T4: 0
A5: 래래 | B5: 본사반출 | E5: S23304 | F5: 벨트sl | G5: 진베이지/s/롱 | K5: 1 | R5: 08/19 본사반출(코디, 촬영용 - 결제 완료) | S5: 0 | T5: 0 | W5: 김래영（래래（ＲＡＥ
A6: 래래 | B6: 본사반출 | E6: S23312 | F6: 벨트sl | G6: 블랙/s/롱 | K6: 1 | R6: 08/19 본사반출(코디, 촬영용 - 결제 완료) | S6: 0 | T6: 0 | W6: 김래영（래래（ＲＡＥ
A7: 래래 | B7: 본사반출 | E7: S23300 | F7: 벨트sl | G7: 아이/s/롱 | K7: 1 | R7: 08/19 본사반출(코디, 촬영용 - 결제 완료) | S7: 0 | T7: 0 | W7: 김래영（래래（ＲＡＥ
A8: 래래 | B8: 본사반출 | E8: S23308 | F8: 벨트sl | G8: 진그레이/s/롱 | K8: 1 | R8: 08/19 본사반출(코디, 촬영용 - 결제 완료) | S8: 0 | T8: 0 | W8: 김래영（래래（ＲＡＥ
A9: 래래 | B9: 본사반출 | E9: S23316 | F9: 벨트sl | G9: 브라운/s/롱 | K9: 1 | R9: 08/19 본사반출(코디, 촬영용 - 결제 완료) | S9: 0 | T9: 0 | W9: 김래영（래래（ＲＡＥ
S10: 0 | T10: 0
A11: 리마인드 | B11: 경기도 고양시 일산동구 지영로 59-2 D동 | C11: 010-3918-2418 | D11: 010-9208-6514 | E11: S16840 | F11: 2420(부츠)sl (C) | G11: 블랙(롱L) | H11: 12000 | I11: 1 | L11: 1 | O11: 1 | S11: 1 | T11: 12000 | W11: （주）디투어패럴
A12: 리마인드 | B12: 경기도 고양시 일산동구 지영로 59-2 D동 | C12: 010-3918-2418 | D12: 010-9208-6514 | E12: S16832 | F12: 2420(부츠)sl (C) | G12: 블랙(숏S) | H12: 12000 | I12: 1 | L12: 1 | O12: 1 | S12: 1 | T12: 12000 | W12: （주）디투어패럴
A13: 리마인드 | B13: 경기도 고양시 일산동구 지영로 59-2 D동 | C13: 010-3918-2418 | D13: 010-9208-6514 | E13: S22132 | F13: 4503 [반바지] | G13: 아이보리/L | H13: 10000 | I13: 1 | L13: 1 | O13: 1 | S13: 1 | T13: 10000 | W13: （주）디투어패럴
A14: 리마인드 | B14: 경기도 고양시 일산동구 지영로 59-2 D동 | C14: 010-3918-2418 | D14: 010-9208-6514 | E14: S18813 | F14: 5007pt [부츠컷] | G14: 중청(M) | H14: 15000 | I14: 1 | L14: 1 | O14: 1 | S14: 1 | T14: 15000 | W14: （주）디투어패럴
A15: 리마인드 | B15: 경기도 고양시 일산동구 지영로 59-2 D동 | C15: 010-3918-2418 | D15: 010-9208-6514 | E15: S19243 | F15: 5106-5pt [와이드] | G15: 화이트(M,롱) | H15: 13000 | I15: 1 | L15: 1 | O15: 1 | S15: 1 | T15: 13000 | W15: （주）디투어패럴
A16: 리마인드 | B16: 경기도 고양시 일산동구 지영로 59-2 D동 | C16: 010-3918-2418 | D16: 010-9208-6514 | E16: S21623 | F16: 5507pt [와이드] | G16: 진청(5507-1)/M | H16: 16000 | I16: 2 | L16: 2 | O16: 2 | S16: 2 | T16: 32000 | W16: （주）디투어패럴
A17: 리마인드 | B17: 경기도 고양시 일산동구 지영로 59-2 D동 | C17: 010-3918-2418 | D17: 010-9208-6514 | E17: S21622 | F17: 5507pt [와이드] | G17: 진청(5507-1)/S | H17: 16000 | I17: 1 | L17: 1 | O17: 1 | S17: 1 | T17: 16000 | W17: （주）디투어패럴
A18: 리마인드 | B18: 경기도 고양시 일산동구 지영로 59-2 D동 | C18: 010-3918-2418 | D18: 010-9208-6514 | E18: S16811 | F18: 2420(부츠)sl (C) | G18: 베이지(롱S) | H18: 12000 | K18: 1 | O18: 0 | R18: 8/21 더안불량(오염) | S18: 0 | T18: 0 | W18: （주）디투어패럴
A19: 리마인드 | B19: 경기도 고양시 일산동구 지영로 59-2 D동 | C19: 010-3918-2418 | D19: 010-9208-6514 | E19: S16800 | F19: 2420(부츠)sl (C) | G19: 아이보리(기본M) | H19: 12000 | K19: 1 | O19: 0 | R19: 8/13 더안불량(오염) | S19: 0 | T19: 0 | W19: （주）디투어패럴
A20: 리마인드 | B20: 경기도 고양시 일산동구 지영로 59-2 D동 | C20: 010-3918-2418 | D20: 010-9208-6514 | E20: S16796 | F20: 2420(부츠)sl (C) | G20: 아이보리(숏S) | H20: 12000 | K20: 1 | O20: 0 | R20: 8/21 더안불량(오염) | S20: 0 | T20: 0 | W20: （주）디투어패럴
A21: 리마인드 | B21: 경기도 고양시 일산동구 지영로 59-2 D동 | C21: 010-3918-2418 | D21: 010-9208-6514 | E21: S22136 | F21: 4503 [반바지] | G21: 블랙/S | H21: 10000 | K21: 1 | O21: 0 | R21: 8/18 더안불량(양쪽길이 다름) | S21: 0 | T21: 0 | W21: （주）디투어패럴
A22: 리마인드 | B22: 경기도 고양시 일산동구 지영로 59-2 D동 | C22: 010-3918-2418 | D22: 010-9208-6514 | E22: S22131 | F22: 4503 [반바지] | G22: 아이보리/M | H22: 10000 | K22: 1 | O22: 0 | R22: 8/18 더안불량(오염) | S22: 0 | T22: 0 | W22: （주）디투어패럴
A23: 리마인드 | B23: 경기도 고양시 일산동구 지영로 59-2 D동 | C23: 010-3918-2418 | D23: 010-9208-6514 | E23: S19666 | F23: 5100-3pt [부츠컷] | G23: 연청/M | H23: 14000 | K23: 1 | O23: 0 | R23: 8/6 더안불량(오입고) | S23: 0 | T23: 0 | W23: （주）디투어패럴
A24: 리마인드 | B24: 경기도 고양시 일산동구 지영로 59-2 D동 | C24: 010-3918-2418 | D24: 010-9208-6514 | E24: S19241 | F24: 5106-5pt [와이드] | G24: 화이트(S,롱) | H24: 13000 | K24: 1 | O24: 0 | R24: 8/18 더안불량(오염) | S24: 0 | T24: 0 | W24: （주）디투어패럴
A25: 리마인드 | B25: 경기도 고양시 일산동구 지영로 59-2 D동 | C25: 010-3918-2418 | D25: 010-9208-6514 | E25: S19240 | F25: 5106-5pt [와이드] | G25: 화이트(S,숏) | H25: 13000 | K25: 1 | O25: 0 | R25: 8/18 더안불량(오염) | S25: 0 | T25: 0 | W25: （주）디투어패럴
A26: 리마인드 | B26: 경기도 고양시 일산동구 지영로 59-2 D동 | C26: 010-3918-2418 | D26: 010-9208-6514 | E26: S22018 | F26: 5412nt [반팔] | G26: 베이지 | H26: 11000 | K26: 1 | O26: 0 | R26: 8/14 더안불량(앞면 오염) | S26: 0 | T26: 0 | W26: （주）디투어패럴
A27: 리마인드 | B27: 경기도 고양시 일산동구 지영로 59-2 D동 | C27: 010-3918-2418 | D27: 010-9208-6514 | F27: 8/25착오송금매입 | O27: 0 | T27: -17000 | W27: （주）디투어패럴
O28: 0 | S28: 0 | T28: 0
A29: KDG(부가세) | B29: 경기도 용인시 처인구 포곡읍 둔전로 49 | C29: 010-5818-0264 | D29: 010-5818-0264 | E29: S22534 | F29: 4081-1pt [부츠컷] | G29: 흑청/M/기본 | H29: 12500 | I29: 1 | L29: 1 | O29: 1 | S29: 1 | T29: 12500 | W29: 케이디지
A30: KDG(부가세) | B30: 경기도 용인시 처인구 포곡읍 둔전로 49 | C30: 010-5818-0264 | D30: 010-5818-0264 | E30: S22531 | F30: 4081-1pt [부츠컷] | G30: 흑청/S/기본 | H30: 12500 | I30: 1 | L30: 1 | O30: 1 | S30: 1 | T30: 12500 | W30: 케이디지
A31: KDG(부가세) | B31: 경기도 용인시 처인구 포곡읍 둔전로 49 | C31: 010-5818-0264 | D31: 010-5818-0264 | O31: 0 | R31: 08/26 부가세 | S31: 0 | T31: 2500 | W31: 케이디지
O32: 0 | S32: 0 | T32: 0
A33: 예삐박스 | B33: 남평화 3층 136 | C33: 010-5778-9084 | D33: 010-5778-9084 | E33: S22471 | F33: 여신하트라인골지캡소매티 [캡소매] | G33: 블랙 | H33: 6000 | I33: 1 | L33: 1 | O33: 1 | S33: 1 | T33: 6000 | W33: 김민
A34: 예삐박스 | B34: 남평화 3층 136 | C34: 010-5778-9084 | D34: 010-5778-9084 | E34: S22470 | F34: 여신하트라인골지캡소매티 [캡소매] | G34: 화이트 | H34: 6000 | I34: 1 | O34: 0 | Q34: 화밤 | S34: 0 | T34: 0 | W34: 김민
O35: 0 | S35: 0 | T35: 0
A36: 리머블 | B36: 남평화 지하 1층 B-14 | C36: 010-7761-8021 | D36: 010-7761-8021 | E36: S22867 | F36: 8900 [가방] | G36: 화이트 | H36: 13000 | I36: 1 | L36: 1 | O36: 1 | S36: 1 | T36: 13000 | W36: 정자영(리머블)
A37: 리머블 | B37: 남평화 지하 1층 B-14 | C37: 010-7761-8021 | D37: 010-7761-8021 | F37: 8/25착오송금매입 | O37: 0 | T37: -13000 | W37: 정자영(리머블)
O38: 0 | S38: 0 | T38: 0
A39: 언니제이 | B39: 누죤 1층 517 | C39: 010-7546-5171 | D39: 010-7546-5171 | E39: S22607 | F39: 1160밀키코튼블라우스 [반팔] | G39: 소라 ☆2508 | H39: 11000 | J39: 1 | M39: 1 | O39: 1 | R39: 미송1 | S39: 1 | T39: 0 | U39: 11000 | V39: 45889 | W39: 고연정
O40: 0 | S40: 0 | T40: 0
A41: 슬로그(누죤) | B41: 누죤 3층 429 | C41: 010-8780-0823 | D41: 010-8780-0823 | E41: S20771 | F41: 빌리프골지카라니트 [반팔] | G41: 멜란지 | H41: 15000 | I41: 1 | L41: 1 | O41: 1 | S41: 1 | T41: 15000 | W41: 윤상원
A42: 슬로그(누죤) | B42: 누죤 3층 429 | C42: 010-8780-0823 | D42: 010-8780-0823 | E42: S21032 | F42: 카라배색빌리프 [반팔] | G42: 네이비 | H42: 15000 | I42: 1 | L42: 1 | O42: 1 | S42: 1 | T42: 15000 | W42: 윤상원
O43: 0 | S43: 0 | T43: 0
A44: 페이브 | B44: 누죤 4층 605 | C44: 010-3917-9639 | D44: 010-3917-9639 | E44: S18729 | F44: 투미목걸이 | G44: 실버 | H44: 4000 | I44: 20 | L44: 20 | O44: 20 | S44: 20 | T44: 80000 | W44: 이나은(페이브)
O45: 0 | S45: 0 | T45: 0
A46: 두유 | B46: 디오트 1층 A-01 | C46: 010-6691-8676 | D46: 010-6691-8676 | E46: S22455 | F46: 리틀셔링반팔티 [반팔] | G46: 검정 | H46: 6000 | I46: 8 | L46: 8 | O46: 8 | S46: 8 | T46: 48000 | W46: 주식회사 두유
A47: 두유 | B47: 디오트 1층 A-01 | C47: 010-6691-8676 | D47: 010-6691-8676 | E47: S22457 | F47: 리틀셔링반팔티 [반팔] | G47: 소라 | H47: 6000 | I47: 3 | O47: 0 | Q47: 목밤 | S47: 0 | T47: 0 | W47: 주식회사 두유
A48: 두유 | B48: 디오트 1층 A-01 | C48: 010-6691-8676 | D48: 010-6691-8676 | E48: S22458 | F48: 리틀셔링반팔티 [반팔] | G48: 아이 | H48: 6000 | I48: 10 | L48: 10 | O48: 10 | S48: 10 | T48: 60000 | W48: 주식회사 두유
A49: 두유 | B49: 디오트 1층 A-01 | C49: 010-6691-8676 | D49: 010-6691-8676 | E49: S22459 | F49: 리틀셔링반팔티 [반팔] | G49: 회색 | H49: 6000 | I49: 1 | L49: 1 | O49: 1 | S49: 1 | T49: 6000 | W49: 주식회사 두유
O50: 0 | S50: 0 | T50: 0
A51: 나루 | B51: 디오트 1층 A-11 | C51: 02-2117-8051 | D51: 010-5621-8051 | E51: S21595 | F51: 포켓셔츠나시세트 [끈나시셔츠set] | G51: 아이보리 | H51: 10000 | I51: 2 | L51: 2 | O51: 2 | S51: 2 | T51: 20000 | W51: 주식회사 터프나루
A52: 나루 | B52: 디오트 1층 A-11 | C52: 02-2117-8051 | D52: 010-5621-8051 | E52: S21597 | F52: 포켓셔츠나시세트 [끈나시셔츠set] | G52: 회색 | H52: 10000 | I52: 3 | L52: 3 | O52: 3 | S52: 3 | T52: 30000 | W52: 주식회사 터프나루
O53: 0 | S53: 0 | T53: 0
A54: 제니퍼 | B54: 디오트 1층 A-19 | C54: 010-2207-9789 | D54: 010-2207-9789 | E54: S21403 | F54: 골지단추u넥반팔nt [반팔] | G54: 검정 | H54: 6000 | I54: 1 | L54: 1 | O54: 1 | S54: 1 | T54: 6000 | W54: 김미애(제니퍼)
A55: 제니퍼 | B55: 디오트 1층 A-19 | C55: 010-2207-9789 | D55: 010-2207-9789 | E55: S21404 | F55: 골지단추u넥반팔nt [반팔] | G55: 밤색 | H55: 6000 | I55: 2 | L55: 2 | O55: 2 | S55: 2 | T55: 12000 | W55: 김미애(제니퍼)
A56: 제니퍼 | B56: 디오트 1층 A-19 | C56: 010-2207-9789 | D56: 010-2207-9789 | E56: S23461 | F56: 마인드반목 [반팔] | G56: 회색 | H56: 9000 | I56: 1 | L56: 1 | O56: 1 | S56: 1 | T56: 9000 | W56: 김미애(제니퍼)
A57: 제니퍼 | B57: 디오트 1층 A-19 | C57: 010-2207-9789 | D57: 010-2207-9789 | E57: S21935 | F57: 아베크앞뒤t [반팔] | G57: 밤색 | H57: 12000 | I57: 1 | O57: 0 | Q57: 화밤 | S57: 0 | T57: 0 | W57: 김미애(제니퍼)
A58: 제니퍼 | B58: 디오트 1층 A-19 | C58: 010-2207-9789 | D58: 010-2207-9789 | F58: 8/25착오송금매입 | O58: 0 | T58: -23000 | W58: 김미애(제니퍼)
O59: 0 | S59: 0 | T59: 0
A60: 딥 | B60: 디오트 1층 A-20 | C60: 02-2253-6681 | D60: 010-9174-5512 | E60: S19820 | F60: 2073pt [와이드] ☆ | G60: 진청/M ☆2506 | H60: 19000 | I60: 1 | L60: 1 | O60: 1 | S60: 1 | T60: 19000 | W60: （주）디씨패밀리
A61: 딥 | B61: 디오트 1층 A-20 | C61: 02-2253-6681 | D61: 010-9174-5512 | E61: S21877 | F61: 370기본 [와이드] ☆ | G61: 1아이보리/L ☆2508 | H61: 12000 | I61: 1 | L61: 1 | O61: 1 | S61: 1 | T61: 12000 | W61: （주）디씨패밀리
A62: 딥 | B62: 디오트 1층 A-20 | C62: 02-2253-6681 | D62: 010-9174-5512 | E62: S21875 | F62: 370기본 [와이드] ☆ | G62: 1아이보리/S ☆2508 | H62: 12000 | I62: 1 | L62: 1 | O62: 1 | S62: 1 | T62: 12000 | W62: （주）디씨패밀리
A63: 딥 | B63: 디오트 1층 A-20 | C63: 02-2253-6681 | D63: 010-9174-5512 | E63: S22637 | F63: 5560 [와이드] | G63: 검정/M | H63: 15000 | I63: 1 | L63: 1 | O63: 1 | S63: 1 | T63: 15000 | W63: （주）디씨패밀리
A64: 딥 | B64: 디오트 1층 A-20 | C64: 02-2253-6681 | D64: 010-9174-5512 | E64: S22640 | F64: 5560 [와이드] | G64: 아이보리/M | H64: 15000 | I64: 1 | O64: 0 | Q64: 주중 | S64: 0 | T64: 0 | W64: （주）디씨패밀리
A65: 딥 | B65: 디오트 1층 A-20 | C65: 02-2253-6681 | D65: 010-9174-5512 | E65: S19820 | F65: 2073pt [와이드] ☆ | G65: 진청/M ☆2506 | H65: 19000 | K65: 1 | O65: 0 | Q65: 08/25더안불량(원단 올풀림) | S65: 0 | T65: 0 | W65: （주）디씨패밀리
O66: 0 | S66: 0 | T66: 0
A67: 디바샵(하모니어스) | B67: 디오트 1층 A-25 | C67: 02-2117-4828 | D67: 010-4963-4828 | E67: S22198 | F67: 와이p [와이드] ☆ | G67: 크림 ☆2508 | H67: 10000 | K67: 1 | O67: 0 | Q67: 08/25더안불량(오염) | S67: 0 | T67: 0 | W67: (주)디바샵
O68: 0 | S68: 0 | T68: 0
A69: 하라 | B69: 디오트 1층 B-04 | C69: 010-3047-2263 | D69: 010-3047-2263 | E69: S23233 | F69: 블레스나시 [캡소매] | G69: 검정 | H69: 15000 | I69: 5 | L69: 5 | O69: 5 | S69: 5 | T69: 75000 | W69: 채경희(하라)
A70: 하라 | B70: 디오트 1층 B-04 | C70: 010-3047-2263 | D70: 010-3047-2263 | E70: S23234 | F70: 블레스나시 [캡소매] | G70: 먹색 | H70: 15000 | I70: 5 | L70: 5 | O70: 5 | S70: 5 | T70: 75000 | W70: 채경희(하라)
A71: 하라 | B71: 디오트 1층 B-04 | C71: 010-3047-2263 | D71: 010-3047-2263 | E71: S23235 | F71: 블레스나시 [캡소매] | G71: 크림 | H71: 15000 | I71: 5 | L71: 5 | O71: 5 | S71: 5 | T71: 75000 | W71: 채경희(하라)
A72: 하라 | B72: 디오트 1층 B-04 | C72: 010-3047-2263 | D72: 010-3047-2263 | E72: S23041 | F72: 젤라또bl [캡소매] | G72: 아이 | H72: 16000 | I72: 10 | L72: 10 | O72: 10 | S72: 10 | T72: 160000 | W72: 채경희(하라)
A73: 하라 | B73: 디오트 1층 B-04 | C73: 010-3047-2263 | D73: 010-3047-2263 | E73: S23235 | F73: 블레스나시 [캡소매] | G73: 크림 | H73: 15000 | K73: 1 | O73: 0 | Q73: 화밤 | R73: 8/22 더안불량(오염) | S73: 0 | T73: 0 | W73: 채경희(하라)
A74: 하라 | B74: 디오트 1층 B-04 | C74: 010-3047-2263 | D74: 010-3047-2263 | E74: S23041 | F74: 젤라또bl [캡소매] | G74: 아이 | H74: 16000 | K74: 1 | O74: 0 | R74: 8/26 더안불량(오염) | S74: 0 | T74: 0 | W74: 채경희(하라)
A75: 하라 | B75: 디오트 1층 B-04 | C75: 010-3047-2263 | D75: 010-3047-2263 | E75: S23041 | F75: 젤라또bl [캡소매] | G75: 아이 | H75: 16000 | K75: 1 | O75: 0 | R75: 8/26 더안불량(오염) | S75: 0 | T75: 0 | W75: 채경희(하라)
O76: 0 | S76: 0 | T76: 0
A77: 라우라 | B77: 디오트 1층 B-06 | D77: 010-8319-7838 | E77: S18258 | F77: 데일리하프폴라니트 (C) | G77: 소라★2412 | H77: 8000 | K77: 1 | O77: 0 | Q77: 다음주문차감 | R77: 02/12 더안불량 (올나감) | S77: 0 | T77: 0 | W77: (주)도로시클로딩
A78: 라우라 | B78: 디오트 1층 B-06 | D78: 010-8319-7838 | E78: S18257 | F78: 데일리하프폴라니트 (C) | G78: 아이★2501 | H78: 8000 | K78: 1 | O78: 0 | Q78: 다음주문차감 | R78: 02/06 더안불량 (오염) | S78: 0 | T78: 0 | W78: (주)도로시클로딩
O79: 0 | S79: 0 | T79: 0
A80: 더포르투나 | B80: 디오트 1층 B-13 | C80: 010-4084-7778 | D80: 010-4084-7778 | E80: S23437 | F80: d6091nt [긴팔] | G80: 아이보리 | H80: 11000 | I80: 1 | L80: 1 | O80: 1 | S80: 1 | T80: 11000 | W80: (주)더포르투나
A81: 더포르투나 | B81: 디오트 1층 B-13 | C81: 010-4084-7778 | D81: 010-4084-7778 | E81: S22586 | F81: d6837pt [와이드] ☆ | G81: 화이트/S ☆2507 | H81: 12500 | I81: 1 | L81: 1 | O81: 1 | S81: 1 | T81: 12500 | W81: (주)더포르투나
A82: 더포르투나 | B82: 디오트 1층 B-13 | C82: 010-4084-7778 | D82: 010-4084-7778 | E82: S22587 | F82: d6837pt [와이드] ☆ | G82: 화이트/M ☆2507 | H82: 12500 | K82: 1 | O82: 0 | Q82: 차감함 | R82: 7/31 더안불량(오염) | S82: 0 | T82: -12500 | W82: (주)더포르투나
O83: 0 | S83: 0 | T83: 0
A84: 아가씨 | B84: 디오트 1층 C-22 | C84: 02-2117-4443 | D84: 010-3410-8422 | E84: S23344 | F84: 벨트bl [반팔] | G84: 검정 | H84: 7000 | I84: 1 | L84: 1 | O84: 1 | S84: 1 | T84: 7000 | W84: 이성현
A85: 아가씨 | B85: 디오트 1층 C-22 | C85: 02-2117-4443 | D85: 010-3410-8422 | E85: S23345 | F85: 벨트bl [반팔] | G85: 먹색 | H85: 7000 | I85: 6 | L85: 6 | O85: 6 | S85: 6 | T85: 42000 | W85: 이성현
A86: 아가씨 | B86: 디오트 1층 C-22 | C86: 02-2117-4443 | D86: 010-3410-8422 | E86: S23220 | F86: 투웨이bl [반팔] | G86: 소라 | H86: 9000 | I86: 3 | L86: 3 | O86: 3 | S86: 3 | T86: 27000 | W86: 이성현
A87: 아가씨 | B87: 디오트 1층 C-22 | C87: 02-2117-4443 | D87: 010-3410-8422 | F87: 8/25착오송금매입 | O87: 0 | T87: -34000 | W87: 이성현
O88: 0 | S88: 0 | T88: 0
A89: 룩 | B89: 디오트 1층 D-01 | C89: 02-2117-4111 | D89: 010-3621-1032 | E89: S20162 | F89: 라일라날개소매 [반팔] ▼ | G89: 아이 ▼ | H89: 8700 | I89: 30 | L89: 30 | O89: 30 | S89: 30 | T89: 261000 | W89: 주식회사 룩어패럴
A90: 룩 | B90: 디오트 1층 D-01 | C90: 02-2117-4111 | D90: 010-3621-1032 | E90: S20164 | F90: 라일라날개소매 [반팔] ▼ | G90: 회색 ▼ | H90: 8700 | I90: 20 | L90: 14 | O90: 14 | Q90: 나머지 화밤 | S90: 14 | T90: 121800 | W90: 주식회사 룩어패럴
A91: 룩 | B91: 디오트 1층 D-01 | C91: 02-2117-4111 | D91: 010-3621-1032 | E91: S22005 | F91: 살랑단가라cd [반팔] | G91: 검정 | H91: 13000 | I91: 1 | L91: 1 | O91: 1 | S91: 1 | T91: 13000 | W91: 주식회사 룩어패럴
A92: 룩 | B92: 디오트 1층 D-01 | C92: 02-2117-4111 | D92: 010-3621-1032 | E92: S22192 | F92: 섀도우나시 [민소매] ☆ | G92: 아이보리 ☆2508 | H92: 8000 | I92: 1 | L92: 1 | O92: 1 | S92: 1 | T92: 8000 | W92: 주식회사 룩어패럴
A93: 룩 | B93: 디오트 1층 D-01 | C93: 02-2117-4111 | D93: 010-3621-1032 | E93: S21823 | F93: 셀렌투버튼cd [긴팔] | G93: 아이 | H93: 13000 | I93: 1 | L93: 1 | O93: 1 | S93: 1 | T93: 13000 | W93: 주식회사 룩어패럴
A94: 룩 | B94: 디오트 1층 D-01 | C94: 02-2117-4111 | D94: 010-3621-1032 | E94: S20805 | F94: 슬럽홀터넥나시 [민소매] ☆ | G94: 검정 ☆2508 | H94: 8000 | I94: 1 | L94: 1 | O94: 1 | S94: 1 | T94: 8000 | W94: 주식회사 룩어패럴
A95: 룩 | B95: 디오트 1층 D-01 | C95: 02-2117-4111 | D95: 010-3621-1032 | E95: S20806 | F95: 슬럽홀터넥나시 [민소매] ☆ | G95: 베이지 ☆2508 | H95: 8000 | I95: 1 | L95: 1 | O95: 1 | S95: 1 | T95: 8000 | W95: 주식회사 룩어패럴
A96: 룩 | B96: 디오트 1층 D-01 | C96: 02-2117-4111 | D96: 010-3621-1032 | E96: S20809 | F96: 슬럽홀터넥나시 [민소매] ☆ | G96: 핑크 ☆2508 | H96: 8000 | I96: 1 | L96: 1 | O96: 1 | S96: 1 | T96: 8000 | W96: 주식회사 룩어패럴
A97: 룩 | B97: 디오트 1층 D-01 | C97: 02-2117-4111 | D97: 010-3621-1032 | E97: S21753 | F97: 언발단추반팔 [반팔] ▼ | G97: 회색 ▼ | H97: 10700 | I97: 1 | L97: 1 | O97: 1 | S97: 1 | T97: 10700 | W97: 주식회사 룩어패럴
A98: 룩 | B98: 디오트 1층 D-01 | C98: 02-2117-4111 | D98: 010-3621-1032 | E98: S20396 | F98: 오브캡소매 [캡소매] ☆ | G98: 크림 ☆2508 | H98: 8000 | I98: 3 | L98: 3 | O98: 3 | S98: 3 | T98: 24000 | W98: 주식회사 룩어패럴
A99: 룩 | B99: 디오트 1층 D-01 | C99: 02-2117-4111 | D99: 010-3621-1032 | E99: S20061 | F99: 우드R [긴팔] | G99: 블랙 | H99: 9000 | I99: 5 | L99: 5 | O99: 5 | S99: 5 | T99: 45000 | W99: 주식회사 룩어패럴
A100: 룩 | B100: 디오트 1층 D-01 | C100: 02-2117-4111 | D100: 010-3621-1032 | E100: S20060 | F100: 우드R [긴팔] | G100: 아이보리 | H100: 9000 | I100: 7 | L100: 7 | O100: 7 | S100: 7 | T100: 63000 | W100: 주식회사 룩어패럴
...

Sheet 0824
A1: 가나다란 08/24(일밤) 주문서 | I1: 발주 | L1: 장끼 | O1: 입고 | P1: 차이
A2: 거래처명 | B2: 공급처주소 | C2: 공급처연락처 | D2: 공급처휴대전화 | E2: 상품코드 | F2: 공급처상품명 | G2: 공급처옵션 | H2: 원가 | I2: 신규주문 | J2: 미송 | K2: 교환 | L2: 장끼 | M2: 미송 | N2: 교환 | O2: 주문 | P2: 주문 | Q2: 삼촌 코멘트 | R2: 가나다란 코멘트 | S2: 실입고수 | T2: 오늘입금할금액 | U2: 미송/매입금액 | V2: 입금일 | W2: 공급처예금주
I3: 3184 | J3: 565 | K3: 104 | L3: 960 | M3: 73 | N3: 23 | O3: 1131 | P3: 0 | Q3: 0 | R3: 0 | S3: 1116 | T3: 30134900 | U3: 7338000 | V3: 2707377
Q4: ※ 주문서 작성시 KDG, 제이와이엠, 디피프로젝트 카톡 채널 공유 필수 | S4: 0 | T4: 0
A5: 래래 | B5: 본사반출 | E5: S23304 | F5: 벨트sl | G5: 진베이지/s/롱 | K5: 1 | R5: 08/19 본사반출(코디, 촬영용 - 결제 완료) | S5: 0 | T5: 0 | W5: 김래영（래래（ＲＡＥ
A6: 래래 | B6: 본사반출 | E6: S23312 | F6: 벨트sl | G6: 블랙/s/롱 | K6: 1 | R6: 08/19 본사반출(코디, 촬영용 - 결제 완료) | S6: 0 | T6: 0 | W6: 김래영（래래（ＲＡＥ
A7: 래래 | B7: 본사반출 | E7: S23300 | F7: 벨트sl | G7: 아이/s/롱 | K7: 1 | R7: 08/19 본사반출(코디, 촬영용 - 결제 완료) | S7: 0 | T7: 0 | W7: 김래영（래래（ＲＡＥ
A8: 래래 | B8: 본사반출 | E8: S23308 | F8: 벨트sl | G8: 진그레이/s/롱 | K8: 1 | R8: 08/19 본사반출(코디, 촬영용 - 결제 완료) | S8: 0 | T8: 0 | W8: 김래영（래래（ＲＡＥ
A9: 래래 | B9: 본사반출 | E9: S23316 | F9: 벨트sl | G9: 브라운/s/롱 | K9: 1 | R9: 08/19 본사반출(코디, 촬영용 - 결제 완료) | S9: 0 | T9: 0 | W9: 김래영（래래（ＲＡＥ
S10: 0 | T10: 0
A11: 리마인드 | B11: 경기도 고양시 일산동구 지영로 59-2 D동 | C11: 010-3918-2418 | D11: 010-9208-6514 | E11: S16821 | F11: 2420(부츠)sl (C) | G11: 밤색(롱M) | H11: 12000 | I11: 1 | L11: 1 | O11: 1 | S11: 1 | T11: 12000 | W11: （주）디투어패럴
A12: 리마인드 | B12: 경기도 고양시 일산동구 지영로 59-2 D동 | C12: 010-3918-2418 | D12: 010-9208-6514 | E12: S16808 | F12: 2420(부츠)sl (C) | G12: 베이지(기본S) | H12: 12000 | I12: 1 | L12: 1 | O12: 1 | S12: 1 | T12: 12000 | W12: （주）디투어패럴
A13: 리마인드 | B13: 경기도 고양시 일산동구 지영로 59-2 D동 | C13: 010-3918-2418 | D13: 010-9208-6514 | E13: S16840 | F13: 2420(부츠)sl (C) | G13: 블랙(롱L) | H13: 12000 | I13: 2 | L13: 2 | O13: 2 | S13: 2 | T13: 24000 | W13: （주）디투어패럴
A14: 리마인드 | B14: 경기도 고양시 일산동구 지영로 59-2 D동 | C14: 010-3918-2418 | D14: 010-9208-6514 | E14: S16839 | F14: 2420(부츠)sl (C) | G14: 블랙(롱M) | H14: 12000 | I14: 5 | L14: 5 | O14: 5 | S14: 5 | T14: 60000 | W14: （주）디투어패럴
A15: 리마인드 | B15: 경기도 고양시 일산동구 지영로 59-2 D동 | C15: 010-3918-2418 | D15: 010-9208-6514 | E15: S16838 | F15: 2420(부츠)sl (C) | G15: 블랙(롱S) | H15: 12000 | I15: 5 | L15: 5 | O15: 5 | S15: 5 | T15: 60000 | W15: （주）디투어패럴
A16: 리마인드 | B16: 경기도 고양시 일산동구 지영로 59-2 D동 | C16: 010-3918-2418 | D16: 010-9208-6514 | E16: S16802 | F16: 2420(부츠)sl (C) | G16: 아이보리(롱S) | H16: 12000 | I16: 1 | L16: 1 | O16: 1 | S16: 1 | T16: 12000 | W16: （주）디투어패럴
A17: 리마인드 | B17: 경기도 고양시 일산동구 지영로 59-2 D동 | C17: 010-3918-2418 | D17: 010-9208-6514 | E17: S16826 | F17: 2420(부츠)sl (C) | G17: 회색(기본S) | H17: 12000 | I17: 1 | L17: 1 | O17: 1 | S17: 1 | T17: 12000 | W17: （주）디투어패럴
A18: 리마인드 | B18: 경기도 고양시 일산동구 지영로 59-2 D동 | C18: 010-3918-2418 | D18: 010-9208-6514 | E18: S16824 | F18: 2420(부츠)sl (C) | G18: 회색(숏M) | H18: 12000 | I18: 1 | L18: 1 | O18: 1 | S18: 1 | T18: 12000 | W18: （주）디투어패럴
A19: 리마인드 | B19: 경기도 고양시 일산동구 지영로 59-2 D동 | C19: 010-3918-2418 | D19: 010-9208-6514 | E19: S22134 | F19: 4503 [반바지] | G19: 베이지/M | H19: 10000 | I19: 1 | L19: 1 | O19: 1 | S19: 1 | T19: 10000 | W19: （주）디투어패럴
A20: 리마인드 | B20: 경기도 고양시 일산동구 지영로 59-2 D동 | C20: 010-3918-2418 | D20: 010-9208-6514 | E20: S18814 | F20: 5007pt [부츠컷] | G20: 중청(L) | H20: 15000 | I20: 1 | L20: 1 | O20: 1 | S20: 1 | T20: 15000 | W20: （주）디투어패럴
A21: 리마인드 | B21: 경기도 고양시 일산동구 지영로 59-2 D동 | C21: 010-3918-2418 | D21: 010-9208-6514 | E21: S19667 | F21: 5100-3pt [부츠컷] | G21: 연청/L | H21: 14000 | I21: 1 | L21: 1 | O21: 1 | S21: 1 | T21: 14000 | W21: （주）디투어패럴
A22: 리마인드 | B22: 경기도 고양시 일산동구 지영로 59-2 D동 | C22: 010-3918-2418 | D22: 010-9208-6514 | E22: S19243 | F22: 5106-5pt [와이드] | G22: 화이트(M,롱) | H22: 13000 | I22: 2 | L22: 2 | O22: 2 | S22: 2 | T22: 26000 | W22: （주）디투어패럴
A23: 리마인드 | B23: 경기도 고양시 일산동구 지영로 59-2 D동 | C23: 010-3918-2418 | D23: 010-9208-6514 | E23: S22020 | F23: 5412nt [반팔] | G23: 화이트 | H23: 9000 | I23: 2 | L23: 2 | O23: 2 | S23: 2 | T23: 18000 | W23: （주）디투어패럴
A24: 리마인드 | B24: 경기도 고양시 일산동구 지영로 59-2 D동 | C24: 010-3918-2418 | D24: 010-9208-6514 | E24: S16811 | F24: 2420(부츠)sl (C) | G24: 베이지(롱S) | H24: 12000 | K24: 1 | O24: 0 | R24: 8/21 더안불량(오염) | S24: 0 | T24: 0 | W24: （주）디투어패럴
A25: 리마인드 | B25: 경기도 고양시 일산동구 지영로 59-2 D동 | C25: 010-3918-2418 | D25: 010-9208-6514 | E25: S16800 | F25: 2420(부츠)sl (C) | G25: 아이보리(기본M) | H25: 12000 | K25: 1 | O25: 0 | R25: 8/13 더안불량(오염) | S25: 0 | T25: 0 | W25: （주）디투어패럴
A26: 리마인드 | B26: 경기도 고양시 일산동구 지영로 59-2 D동 | C26: 010-3918-2418 | D26: 010-9208-6514 | E26: S16796 | F26: 2420(부츠)sl (C) | G26: 아이보리(숏S) | H26: 12000 | K26: 1 | O26: 0 | R26: 8/21 더안불량(오염) | S26: 0 | T26: 0 | W26: （주）디투어패럴
A27: 리마인드 | B27: 경기도 고양시 일산동구 지영로 59-2 D동 | C27: 010-3918-2418 | D27: 010-9208-6514 | E27: S22136 | F27: 4503 [반바지] | G27: 블랙/S | H27: 10000 | K27: 1 | O27: 0 | R27: 8/18 더안불량(양쪽길이 다름) | S27: 0 | T27: 0 | W27: （주）디투어패럴
A28: 리마인드 | B28: 경기도 고양시 일산동구 지영로 59-2 D동 | C28: 010-3918-2418 | D28: 010-9208-6514 | E28: S22131 | F28: 4503 [반바지] | G28: 아이보리/M | H28: 10000 | K28: 1 | O28: 0 | R28: 8/18 더안불량(오염) | S28: 0 | T28: 0 | W28: （주）디투어패럴
A29: 리마인드 | B29: 경기도 고양시 일산동구 지영로 59-2 D동 | C29: 010-3918-2418 | D29: 010-9208-6514 | E29: S19666 | F29: 5100-3pt [부츠컷] | G29: 연청/M | H29: 14000 | K29: 1 | O29: 0 | R29: 8/6 더안불량(오입고) | S29: 0 | T29: 0 | W29: （주）디투어패럴
A30: 리마인드 | B30: 경기도 고양시 일산동구 지영로 59-2 D동 | C30: 010-3918-2418 | D30: 010-9208-6514 | E30: S19241 | F30: 5106-5pt [와이드] | G30: 화이트(S,롱) | H30: 13000 | K30: 1 | O30: 0 | R30: 8/18 더안불량(오염) | S30: 0 | T30: 0 | W30: （주）디투어패럴
A31: 리마인드 | B31: 경기도 고양시 일산동구 지영로 59-2 D동 | C31: 010-3918-2418 | D31: 010-9208-6514 | E31: S19240 | F31: 5106-5pt [와이드] | G31: 화이트(S,숏) | H31: 13000 | K31: 1 | O31: 0 | R31: 8/18 더안불량(오염) | S31: 0 | T31: 0 | W31: （주）디투어패럴
A32: 리마인드 | B32: 경기도 고양시 일산동구 지영로 59-2 D동 | C32: 010-3918-2418 | D32: 010-9208-6514 | E32: S22018 | F32: 5412nt [반팔] | G32: 베이지 | H32: 11000 | K32: 1 | O32: 0 | R32: 8/14 더안불량(앞면 오염) | S32: 0 | T32: 0 | W32: （주）디투어패럴
O33: 0 | S33: 0 | T33: 0
A34: 예삐박스 | B34: 남평화 3층 136 | C34: 010-5778-9084 | D34: 010-5778-9084 | E34: S22471 | F34: 여신하트라인골지캡소매티 [캡소매] | G34: 블랙 | H34: 6000 | I34: 2 | L34: 2 | O34: 2 | S34: 2 | T34: 12000 | W34: 김민
O35: 0 | S35: 0 | T35: 0
A36: 리머블 | B36: 남평화 지하 1층 B-14 | C36: 010-7761-8021 | D36: 010-7761-8021 | E36: S22866 | F36: 8900 [가방] | G36: 블랙 | H36: 13000 | I36: 1 | L36: 1 | O36: 1 | S36: 1 | T36: 13000 | W36: 정자영(리머블)
O37: 0 | S37: 0 | T37: 0
A38: 언니제이 | B38: 누죤 1층 517 | C38: 010-7546-5171 | D38: 010-7546-5171 | E38: S22607 | F38: 1160밀키코튼블라우스 [반팔] | G38: 소라 ☆2508 | H38: 11000 | J38: 1 | O38: 0 | Q38: 월밤 | R38: 미송1 | S38: 0 | T38: 0 | U38: 11000 | V38: 45889 | W38: 고연정
O39: 0 | S39: 0 | T39: 0
A40: 슬로그(누죤) | B40: 누죤 3층 429 | C40: 010-8780-0823 | D40: 010-8780-0823 | E40: S20981 | F40: 네스v넥 [반팔] | G40: 검정 | H40: 14000 | I40: 2 | L40: 2 | O40: 2 | S40: 2 | T40: 28000 | W40: 윤상원
A41: 슬로그(누죤) | B41: 누죤 3층 429 | C41: 010-8780-0823 | D41: 010-8780-0823 | E41: S20985 | F41: 네스v넥 [반팔] | G41: 크림 | H41: 14000 | I41: 1 | L41: 1 | O41: 1 | S41: 1 | T41: 14000 | W41: 윤상원
A42: 슬로그(누죤) | B42: 누죤 3층 429 | C42: 010-8780-0823 | D42: 010-8780-0823 | E42: S20771 | F42: 빌리프골지카라니트 [반팔] | G42: 멜란지 | H42: 15000 | I42: 1 | L42: 1 | O42: 1 | S42: 1 | T42: 15000 | W42: 윤상원
A43: 슬로그(누죤) | B43: 누죤 3층 429 | C43: 010-8780-0823 | D43: 010-8780-0823 | E43: S21032 | F43: 카라배색빌리프 [반팔] | G43: 네이비 | H43: 15000 | I43: 2 | L43: 2 | O43: 2 | S43: 2 | T43: 30000 | W43: 윤상원
O44: 0 | S44: 0 | T44: 0
A45: 페이브 | B45: 누죤 4층 605 | C45: 010-3917-9639 | D45: 010-3917-9639 | E45: S18729 | F45: 투미목걸이 | G45: 실버 | H45: 4000 | I45: 50 | L45: 50 | O45: 50 | S45: 50 | T45: 200000 | W45: 이나은(페이브)
O46: 0 | S46: 0 | T46: 0
A47: 두유 | B47: 디오트 1층 A-01 | C47: 010-6691-8676 | D47: 010-6691-8676 | E47: S22455 | F47: 리틀셔링반팔티 [반팔] | G47: 검정 | H47: 6000 | I47: 2 | L47: 2 | O47: 2 | S47: 2 | T47: 12000 | W47: 주식회사 두유
A48: 두유 | B48: 디오트 1층 A-01 | C48: 010-6691-8676 | D48: 010-6691-8676 | E48: S22457 | F48: 리틀셔링반팔티 [반팔] | G48: 소라 | H48: 6000 | I48: 3 | O48: 0 | Q48: 주중 | S48: 0 | T48: 0 | W48: 주식회사 두유
A49: 두유 | B49: 디오트 1층 A-01 | C49: 010-6691-8676 | D49: 010-6691-8676 | E49: S22458 | F49: 리틀셔링반팔티 [반팔] | G49: 아이 | H49: 6000 | I49: 10 | L49: 10 | O49: 10 | S49: 10 | T49: 60000 | W49: 주식회사 두유
A50: 두유 | B50: 디오트 1층 A-01 | C50: 010-6691-8676 | D50: 010-6691-8676 | E50: S20150 | F50: 실루엣브이가디건 [긴팔] | G50: 검정 | H50: 8000 | I50: 2 | L50: 2 | O50: 2 | S50: 2 | T50: 16000 | W50: 주식회사 두유
A51: 두유 | B51: 디오트 1층 A-01 | C51: 010-6691-8676 | D51: 010-6691-8676 | E51: S22458 | F51: 리틀셔링반팔티 [반팔] | G51: 아이 | H51: 6000 | K51: 1 | N51: 1 | O51: 1 | R51: 8/20 더안불량(올풀림) | S51: 1 | T51: 0 | W51: 주식회사 두유
A52: 두유 | B52: 디오트 1층 A-01 | C52: 010-6691-8676 | D52: 010-6691-8676 | E52: S22458 | F52: 리틀셔링반팔티 [반팔] | G52: 아이 | H52: 6000 | K52: 1 | N52: 1 | O52: 1 | R52: 8/20 더안불량(재봉불량) | S52: 1 | T52: 0 | W52: 주식회사 두유
A53: 두유 | B53: 디오트 1층 A-01 | C53: 010-6691-8676 | D53: 010-6691-8676 | F53: 샘플픽업 | O53: 0 | Q53: 전일본사입고완료 오늘은없음 | S53: 0 | T53: 0 | W53: 주식회사 두유
O54: 0 | S54: 0 | T54: 0
A55: 나루 | B55: 디오트 1층 A-11 | C55: 02-2117-8051 | D55: 010-5621-8051 | E55: S21597 | F55: 포켓셔츠나시세트 [끈나시셔츠set] | G55: 회색 | H55: 10000 | I55: 3 | O55: 0 | Q55: 월밤 | S55: 0 | T55: 0 | W55: 주식회사 터프나루
O56: 0 | S56: 0 | T56: 0
A57: 제니퍼 | B57: 디오트 1층 A-19 | C57: 010-2207-9789 | D57: 010-2207-9789 | E57: S21403 | F57: 골지단추u넥반팔nt [반팔] | G57: 검정 | H57: 6000 | I57: 2 | O57: 0 | Q57: 월밤 | S57: 0 | T57: 0 | W57: 김미애(제니퍼)
A58: 제니퍼 | B58: 디오트 1층 A-19 | C58: 010-2207-9789 | D58: 010-2207-9789 | E58: S21404 | F58: 골지단추u넥반팔nt [반팔] | G58: 밤색 | H58: 6000 | I58: 5 | L58: 1 | O58: 1 | Q58: 나머지 월밤 | S58: 1 | T58: 6000 | W58: 김미애(제니퍼)
A59: 제니퍼 | B59: 디오트 1층 A-19 | C59: 010-2207-9789 | D59: 010-2207-9789 | E59: S22281 | F59: 골지홀터넥 [반팔] ☆ | G59: 아이 ☆2507 | H59: 7000 | I59: 1 | L59: 1 | O59: 1 | S59: 1 | T59: 7000 | W59: 김미애(제니퍼)
A60: 제니퍼 | B60: 디오트 1층 A-19 | C60: 010-2207-9789 | D60: 010-2207-9789 | E60: S21936 | F60: 아베크앞뒤t [반팔] | G60: 베이지 | H60: 12000 | I60: 1 | L60: 1 | O60: 1 | S60: 1 | T60: 12000 | W60: 김미애(제니퍼)
A61: 제니퍼 | B61: 디오트 1층 A-19 | C61: 010-2207-9789 | D61: 010-2207-9789 | E61: S21938 | F61: 아베크앞뒤t [반팔] | G61: 아이 | H61: 12000 | I61: 1 | L61: 1 | O61: 1 | S61: 1 | T61: 12000 | W61: 김미애(제니퍼)
A62: 제니퍼 | B62: 디오트 1층 A-19 | C62: 010-2207-9789 | D62: 010-2207-9789 | E62: S21405 | F62: 골지단추u넥반팔nt [반팔] | G62: 베이지 | H62: 6000 | K62: 1 | O62: 0 | Q62: 차감함 | R62: 8/21 더안불량(올풀림) | S62: 0 | T62: -6000 | W62: 김미애(제니퍼)
O63: 0 | S63: 0 | T63: 0
A64: 딥 | B64: 디오트 1층 A-20 | C64: 02-2253-6681 | D64: 010-9174-5512 | E64: S19820 | F64: 2073pt [와이드] ☆ | G64: 진청/M ☆2506 | H64: 19000 | I64: 2 | L64: 2 | O64: 2 | S64: 2 | T64: 38000 | W64: （주）디씨패밀리
A65: 딥 | B65: 디오트 1층 A-20 | C65: 02-2253-6681 | D65: 010-9174-5512 | E65: S21881 | F65: 370기본 [와이드] ☆ | G65: 6검정/S ☆2508 | H65: 12000 | I65: 1 | L65: 1 | O65: 1 | S65: 1 | T65: 12000 | W65: （주）디씨패밀리
A66: 딥 | B66: 디오트 1층 A-20 | C66: 02-2253-6681 | D66: 010-9174-5512 | E66: S21059 | F66: 5551 [부츠컷] | G66: 검정/M | H66: 19000 | I66: 1 | L66: 1 | O66: 1 | S66: 1 | T66: 19000 | W66: （주）디씨패밀리
A67: 딥 | B67: 디오트 1층 A-20 | C67: 02-2253-6681 | D67: 010-9174-5512 | E67: S22641 | F67: 5560 [와이드] | G67: 아이보리/L | H67: 15000 | I67: 1 | L67: 1 | O67: 1 | S67: 1 | T67: 15000 | W67: （주）디씨패밀리
A68: 딥 | B68: 디오트 1층 A-20 | C68: 02-2253-6681 | D68: 010-9174-5512 | E68: S22636 | F68: 5560 [와이드] | G68: 검정/S | H68: 15000 | K68: 1 | O68: 0 | Q68: 차감함 | R68: 8/21 더안불량(밑단불량) | S68: 0 | T68: -15000 | W68: （주）디씨패밀리
O69: 0 | S69: 0 | T69: 0
A70: 하라 | B70: 디오트 1층 B-04 | C70: 010-3047-2263 | D70: 010-3047-2263 | E70: S23234 | F70: 블레스나시 [캡소매] | G70: 먹색 | H70: 15000 | I70: 20 | L70: 20 | O70: 20 | S70: 20 | T70: 300000 | W70: 채경희(하라)
A71: 하라 | B71: 디오트 1층 B-04 | C71: 010-3047-2263 | D71: 010-3047-2263 | E71: S23235 | F71: 블레스나시 [캡소매] | G71: 크림 | H71: 15000 | I71: 20 | O71: 0 | Q71: 화밤 | S71: 0 | T71: 0 | W71: 채경희(하라)
A72: 하라 | B72: 디오트 1층 B-04 | C72: 010-3047-2263 | D72: 010-3047-2263 | E72: S23041 | F72: 젤라또bl [캡소매] | G72: 아이 | H72: 16000 | I72: 20 | L72: 20 | O72: 20 | S72: 20 | T72: 320000 | W72: 채경희(하라)
A73: 하라 | B73: 디오트 1층 B-04 | C73: 010-3047-2263 | D73: 010-3047-2263 | E73: S23235 | F73: 블레스나시 [캡소매] | G73: 크림 | H73: 15000 | K73: 1 | O73: 0 | R73: 8/22 더안불량(오염) | S73: 0 | T73: 0 | W73: 채경희(하라)
O74: 0 | S74: 0 | T74: 0
A75: 라우라 | B75: 디오트 1층 B-06 | D75: 010-8319-7838 | E75: S18258 | F75: 데일리하프폴라니트 (C) | G75: 소라★2412 | H75: 8000 | K75: 1 | O75: 0 | Q75: 다음주문차감 | R75: 02/12 더안불량 (올나감) | S75: 0 | T75: 0 | W75: (주)도로시클로딩
A76: 라우라 | B76: 디오트 1층 B-06 | D76: 010-8319-7838 | E76: S18257 | F76: 데일리하프폴라니트 (C) | G76: 아이★2501 | H76: 8000 | K76: 1 | O76: 0 | Q76: 다음주문차감 | R76: 02/06 더안불량 (오염) | S76: 0 | T76: 0 | W76: (주)도로시클로딩
O77: 0 | S77: 0 | T77: 0
A78: 더포르투나 | B78: 디오트 1층 B-13 | C78: 010-4084-7778 | D78: 010-4084-7778 | E78: S22587 | F78: d6837pt [와이드] ☆ | G78: 화이트/M ☆2507 | H78: 12500 | K78: 1 | O78: 0 | Q78: 다음주문차감 | R78: 7/31 더안불량(오염) | S78: 0 | T78: 0 | W78: (주)더포르투나
A79: 더포르투나 | B79: 디오트 1층 B-13호 | C79: 010-4084-7778 | D79: 010-4084-7778 | E79: S22582 | F79: d6837pt [와이드] ☆ | G79: 크림/S ☆2507 | H79: 12500 | K79: 1 | O79: 0 | Q79: 다음주문차감 | R79: 8/8 더안불량(세탁 후 기장 짧아짐) | S79: 0 | T79: 0 | W79: (주)더포르투나
A80: 더포르투나 | B80: 디오트 1층 B-13호 | C80: 010-4084-7778 | D80: 010-4084-7778 | E80: S22586 | F80: d6837pt [와이드] ☆ | G80: 화이트/S ☆2507 | H80: 12500 | K80: 1 | O80: 0 | Q80: 다음주문차감 | R80: 8/8 더안불량(세탁 후 기장 짧아짐) | S80: 0 | T80: 0 | W80: (주)더포르투나
O81: 0 | S81: 0 | T81: 0
A82: 아가씨 | B82: 디오트 1층 C-22 | C82: 02-2117-4443 | D82: 010-3410-8422 | E82: S23344 | F82: 벨트bl [반팔] | G82: 검정 | H82: 7000 | I82: 1 | L82: 1 | O82: 1 | S82: 1 | T82: 7000 | W82: 이성현
A83: 아가씨 | B83: 디오트 1층 C-22 | C83: 02-2117-4443 | D83: 010-3410-8422 | E83: S23345 | F83: 벨트bl [반팔] | G83: 먹색 | H83: 7000 | I83: 4 | O83: 0 | Q83: 월밤 | S83: 0 | T83: 0 | W83: 이성현
A84: 아가씨 | B84: 디오트 1층 C-22 | C84: 02-2117-4443 | D84: 010-3410-8422 | E84: S23220 | F84: 투웨이bl [반팔] | G84: 소라 | H84: 9000 | I84: 1 | L84: 1 | O84: 1 | S84: 1 | T84: 9000 | W84: 이성현
A85: 아가씨 | B85: 디오트 1층 C-22 | C85: 02-2117-4443 | D85: 010-3410-8422 | F85: 샘플픽업 | O85: 0 | Q85: 전일본사입고완료 오늘은없음 | S85: 0 | T85: 0 | W85: 이성현
O86: 0 | S86: 0 | T86: 0
A87: 룩 | B87: 디오트 1층 D-01 | C87: 02-2117-4111 | D87: 010-3621-1032 | E87: S20161 | F87: 라일라날개소매 [반팔] ▼ | G87: 소라 ▼ | H87: 8700 | I87: 20 | L87: 9 | O87: 9 | S87: 9 | T87: 78300 | W87: 주식회사 룩어패럴
A88: 룩 | B88: 디오트 1층 D-01 | C88: 02-2117-4111 | D88: 010-3621-1032 | E88: S20162 | F88: 라일라날개소매 [반팔] ▼ | G88: 아이 ▼ | H88: 8700 | I88: 30 | L88: 10 | O88: 10 | S88: 10 | T88: 87000 | W88: 주식회사 룩어패럴
A89: 룩 | B89: 디오트 1층 D-01 | C89: 02-2117-4111 | D89: 010-3621-1032 | E89: S20163 | F89: 라일라날개소매 [반팔] ▼ | G89: 핑크 ▼ | H89: 8700 | I89: 5 | L89: 5 | O89: 5 | S89: 5 | T89: 43500 | W89: 주식회사 룩어패럴
A90: 룩 | B90: 디오트 1층 D-01 | C90: 02-2117-4111 | D90: 010-3621-1032 | E90: S20164 | F90: 라일라날개소매 [반팔] ▼ | G90: 회색 ▼ | H90: 8700 | I90: 20 | L90: 4 | O90: 4 | S90: 4 | T90: 34800 | W90: 주식회사 룩어패럴
A91: 룩 | B91: 디오트 1층 D-01 | C91: 02-2117-4111 | D91: 010-3621-1032 | E91: S22008 | F91: 살랑단가라cd [반팔] | G91: 아이보리 | H91: 13000 | I91: 5 | L91: 5 | O91: 5 | S91: 5 | T91: 65000 | W91: 주식회사 룩어패럴
A92: 룩 | B92: 디오트 1층 D-01 | C92: 02-2117-4111 | D92: 010-3621-1032 | E92: S22191 | F92: 섀도우나시 [민소매] ☆ | G92: 베이지 ☆2508 | H92: 8000 | I92: 1 | L92: 1 | O92: 1 | S92: 1 | T92: 8000 | W92: 주식회사 룩어패럴
A93: 룩 | B93: 디오트 1층 D-01 | C93: 02-2117-4111 | D93: 010-3621-1032 | E93: S22192 | F93: 섀도우나시 [민소매] ☆ | G93: 아이보리 ☆2508 | H93: 8000 | I93: 1 | L93: 1 | O93: 1 | S93: 1 | T93: 8000 | W93: 주식회사 룩어패럴
A94: 룩 | B94: 디오트 1층 D-01 | C94: 02-2117-4111 | D94: 010-3621-1032 | E94: S21822 | F94: 셀렌투버튼cd [긴팔] | G94: 곤색 | H94: 13000 | I94: 5 | L94: 4 | O94: 4 | S94: 4 | T94: 52000 | W94: 주식회사 룩어패럴
A95: 룩 | B95: 디오트 1층 D-01 | C95: 02-2117-4111 | D95: 010-3621-1032 | E95: S21823 | F95: 셀렌투버튼cd [긴팔] | G95: 아이 | H95: 13000 | I95: 2 | L95: 2 | O95: 2 | S95: 2 | T95: 26000 | W95: 주식회사 룩어패럴
A96: 룩 | B96: 디오트 1층 D-01 | C96: 02-2117-4111 | D96: 010-3621-1032 | E96: S20805 | F96: 슬럽홀터넥나시 [민소매] ☆ | G96: 검정 ☆2508 | H96: 8000 | I96: 1 | L96: 1 | O96: 1 | S96: 1 | T96: 8000 | W96: 주식회사 룩어패럴
A97: 룩 | B97: 디오트 1층 D-01 | C97: 02-2117-4111 | D97: 010-3621-1032 | E97: S21764 | F97: 앞뒤나시 [민소매] ☆ | G97: 검정 ☆2508 | H97: 9000 | I97: 1 | L97: 1 | O97: 1 | S97: 1 | T97: 9000 | W97: 주식회사 룩어패럴
A98: 룩 | B98: 디오트 1층 D-01 | C98: 02-2117-4111 | D98: 010-3621-1032 | E98: S21752 | F98: 언발단추반팔 [반팔] ▼ | G98: 핑크 ▼ | H98: 10700 | I98: 1 | L98: 1 | O98: 1 | S98: 1 | T98: 10700 | W98: 주식회사 룩어패럴
A99: 룩 | B99: 디오트 1층 D-01 | C99: 02-2117-4111 | D99: 010-3621-1032 | E99: S21753 | F99: 언발단추반팔 [반팔] ▼ | G99: 회색 ▼ | H99: 10700 | I99: 1 | O99: 0 | S99: 0 | T99: 0 | W99: 주식회사 룩어패럴
A100: 룩 | B100: 디오트 1층 D-01 | C100: 02-2117-4111 | D100: 010-3621-1032 | E100: S20061 | F100: 우드R [긴팔] | G100: 블랙 | H100: 9000 | I100: 2 | O100: 0 | Q100: 미입고 월밤 | S100: 0 | T100: 0 | W100: 주식회사 룩어패럴
...

Sheet 0821
A1: 가나다란 08/21(목밤) 주문서 | I1: 발주 | L1: 장끼 | O1: 입고 | P1: 차이
A2: 거래처명 | B2: 공급처주소 | C2: 공급처연락처 | D2: 공급처휴대전화 | E2: 상품코드 | F2: 공급처상품명 | G2: 공급처옵션 | H2: 원가 | I2: 신규주문 | J2: 미송 | K2: 교환 | L2: 장끼 | M2: 미송 | N2: 교환 | O2: 주문 | P2: 주문 | Q2: 삼촌 코멘트 | R2: 가나다란 코멘트 | S2: 실입고수 | T2: 오늘입금할금액 | U2: 미송/매입금액 | V2: 입금일 | W2: 공급처예금주
I3: 1491 | J3: 773 | K3: 128 | L3: 730 | M3: 359 | N3: 10 | O3: 1099 | P3: 0 | S3: 1099 | T3: 10635300 | U3: 10703000 | V3: 3395502
Q4: ※ 주문서 작성시 KDG, 제이와이엠, 디피프로젝트 카톡 채널 공유 필수 | S4: 0 | T4: 0
A5: 래래 | B5: 본사반출 | E5: S23304 | F5: 벨트sl | G5: 진베이지/s/롱 | K5: 1 | R5: 08/19 본사반출(코디, 촬영용 - 결제 완료) | T5: 0 | W5: 김래영（래래（ＲＡＥ
A6: 래래 | B6: 본사반출 | E6: S23312 | F6: 벨트sl | G6: 블랙/s/롱 | K6: 1 | R6: 08/19 본사반출(코디, 촬영용 - 결제 완료) | T6: 0 | W6: 김래영（래래（ＲＡＥ
A7: 래래 | B7: 본사반출 | E7: S23300 | F7: 벨트sl | G7: 아이/s/롱 | K7: 1 | R7: 08/19 본사반출(코디, 촬영용 - 결제 완료) | T7: 0 | W7: 김래영（래래（ＲＡＥ
A8: 래래 | B8: 본사반출 | E8: S23308 | F8: 벨트sl | G8: 진그레이/s/롱 | K8: 1 | R8: 08/19 본사반출(코디, 촬영용 - 결제 완료) | T8: 0 | W8: 김래영（래래（ＲＡＥ
A9: 래래 | B9: 본사반출 | E9: S23316 | F9: 벨트sl | G9: 브라운/s/롱 | K9: 1 | R9: 08/19 본사반출(코디, 촬영용 - 결제 완료) | T9: 0 | W9: 김래영（래래（ＲＡＥ
T10: 0
A11: 리마인드 | B11: 경기도 고양시 일산동구 지영로 59-2 D동 | C11: 010-3918-2418 | D11: 010-9208-6514 | E11: S16808 | F11: 2420(부츠)sl (C) | G11: 베이지(기본S) | H11: 12000 | I11: 1 | L11: 1 | O11: 1 | S11: 1 | T11: 12000 | W11: （주）디투어패럴
A12: 리마인드 | B12: 경기도 고양시 일산동구 지영로 59-2 D동 | C12: 010-3918-2418 | D12: 010-9208-6514 | E12: S16811 | F12: 2420(부츠)sl (C) | G12: 베이지(롱S) | H12: 12000 | I12: 1 | L12: 1 | O12: 1 | S12: 1 | T12: 12000 | W12: （주）디투어패럴
A13: 리마인드 | B13: 경기도 고양시 일산동구 지영로 59-2 D동 | C13: 010-3918-2418 | D13: 010-9208-6514 | E13: S16837 | F13: 2420(부츠)sl (C) | G13: 블랙(기본L) | H13: 12000 | I13: 1 | L13: 1 | O13: 1 | S13: 1 | T13: 12000 | W13: （주）디투어패럴
A14: 리마인드 | B14: 경기도 고양시 일산동구 지영로 59-2 D동 | C14: 010-3918-2418 | D14: 010-9208-6514 | E14: S16836 | F14: 2420(부츠)sl (C) | G14: 블랙(기본M) | H14: 12000 | I14: 3 | L14: 3 | O14: 3 | S14: 3 | T14: 36000 | W14: （주）디투어패럴
A15: 리마인드 | B15: 경기도 고양시 일산동구 지영로 59-2 D동 | C15: 010-3918-2418 | D15: 010-9208-6514 | E15: S16835 | F15: 2420(부츠)sl (C) | G15: 블랙(기본S) | H15: 12000 | I15: 5 | L15: 5 | O15: 5 | S15: 5 | T15: 60000 | W15: （주）디투어패럴
A16: 리마인드 | B16: 경기도 고양시 일산동구 지영로 59-2 D동 | C16: 010-3918-2418 | D16: 010-9208-6514 | E16: S16796 | F16: 2420(부츠)sl (C) | G16: 아이보리(숏S) | H16: 12000 | I16: 1 | L16: 1 | O16: 1 | S16: 1 | T16: 12000 | W16: （주）디투어패럴
A17: 리마인드 | B17: 경기도 고양시 일산동구 지영로 59-2 D동 | C17: 010-3918-2418 | D17: 010-9208-6514 | E17: S16823 | F17: 2420(부츠)sl (C) | G17: 회색(숏S) | H17: 12000 | I17: 1 | L17: 1 | O17: 1 | S17: 1 | T17: 12000 | W17: （주）디투어패럴
A18: 리마인드 | B18: 경기도 고양시 일산동구 지영로 59-2 D동 | C18: 010-3918-2418 | D18: 010-9208-6514 | E18: S22138 | F18: 4503 [반바지] | G18: 블랙/L | H18: 10000 | I18: 1 | L18: 1 | O18: 1 | S18: 1 | T18: 10000 | W18: （주）디투어패럴
A19: 리마인드 | B19: 경기도 고양시 일산동구 지영로 59-2 D동 | C19: 010-3918-2418 | D19: 010-9208-6514 | E19: S22136 | F19: 4503 [반바지] | G19: 블랙/S | H19: 10000 | I19: 1 | L19: 1 | O19: 1 | S19: 1 | T19: 10000 | W19: （주）디투어패럴
A20: 리마인드 | B20: 경기도 고양시 일산동구 지영로 59-2 D동 | C20: 010-3918-2418 | D20: 010-9208-6514 | E20: S22130 | F20: 4503 [반바지] | G20: 아이보리/S | H20: 10000 | I20: 5 | L20: 5 | O20: 5 | S20: 5 | T20: 50000 | W20: （주）디투어패럴
A21: 리마인드 | B21: 경기도 고양시 일산동구 지영로 59-2 D동 | C21: 010-3918-2418 | D21: 010-9208-6514 | E21: S19665 | F21: 5100-3pt [부츠컷] | G21: 연청/S | H21: 14000 | I21: 1 | L21: 1 | O21: 1 | S21: 1 | T21: 14000 | W21: （주）디투어패럴
A22: 리마인드 | B22: 경기도 고양시 일산동구 지영로 59-2 D동 | C22: 010-3918-2418 | D22: 010-9208-6514 | E22: S19245 | F22: 5106-5pt [와이드] | G22: 화이트(L,롱) | H22: 13000 | I22: 1 | L22: 1 | O22: 1 | S22: 1 | T22: 13000 | W22: （주）디투어패럴
... A25: 리마인드 | B25: 경기도 고양시 일산동구 지영로 59-2 D동 | C25: 010-3918-2418 | D25: 010-9208-6514 | E25: S21623 | F25: 5507pt [와이드] | G25: 진청(5507-1)/M | H25: 16000 | I25: 1 | L25: 1 | O25: 1 | S25: 1 | T25: 16000 | W25: （주）디투어패럴
A26: 리마인드 | B26: 경기도 고양시 일산동구 지영로 59-2 D동 | C26: 010-3918-2418 | D26: 010-9208-6514 | E26: S16800 | F26: 2420(부츠)sl (C) | G26: 아이보리(기본M) | H26: 12000 | K26: 1 | O26: 0 | R26: 8/13 더안불량(오염) | S26: 0 | T26: 0 | W26: （주）디투어패럴
A27: 리마인드 | B27: 경기도 고양시 일산동구 지영로 59-2 D동 | C27: 010-3918-2418 | D27: 010-9208-6514 | E27: S22136 | F27: 4503 [반바지] | G27: 블랙/S | H27: 10000 | K27: 1 | O27: 0 | R27: 8/18 더안불량(양쪽길이 다름) | S27: 0 | T27: 0 | W27: （주）디투어패럴
A28: 리마인드 | B28: 경기도 고양시 일산동구 지영로 59-2 D동 | C28: 010-3918-2418 | D28: 010-9208-6514 | E28: S22131 | F28: 4503 [반바지] | G28: 아이보리/M | H28: 10000 | K28: 1 | O28: 0 | R28: 8/18 더안불량(오염) | S28: 0 | T28: 0 | W28: （주）디투어패럴
A29: 리마인드 | B29: 경기도 고양시 일산동구 지영로 59-2 D동 | C29: 010-3918-2418 | D29: 010-9208-6514 | E29: S19666 | F29: 5100-3pt [부츠컷] | G29: 연청/M | H29: 14000 | K29: 1 | O29: 0 | R29: 8/6 더안불량(오입고) | S29: 0 | T29: 0 | W29: （주）디투어패럴
A30: 리마인드 | B30: 경기도 고양시 일산동구 지영로 59-2 D동 | C30: 010-3918-2418 | D30: 010-9208-6514 | E30: S19241 | F30: 5106-5pt [와이드] | G30: 화이트(S,롱) | H30: 13000 | K30: 1 | O30: 0 | R30: 8/18 더안불량(오염) | S30: 0 | T30: 0 | W30: （주）디투어패럴
A31: 리마인드 | B31: 경기도 고양시 일산동구 지영로 59-2 D동 | C31: 010-3918-2418 | D31: 010-9208-6514 | E31: S19240 | F31: 5106-5pt [와이드] | G31: 화이트(S,숏) | H31: 13000 | K31: 1 | O31: 0 | R31: 8/18 더안불량(오염) | S31: 0 | T31: 0 | W31: （주）디투어패럴
A32: 리마인드 | B32: 경기도 고양시 일산동구 지영로 59-2 D동 | C32: 010-3918-2418 | D32: 010-9208-6514 | E32: S22018 | F32: 5412nt [반팔] | G32: 베이지 | H32: 11000 | K32: 1 | O32: 0 | R32: 8/14 더안불량(앞면 오염) | S32: 0 | T32: 0 | W32: （주）디투어패럴
A33: 리마인드 | B33: 경기도 고양시 일산동구 지영로 59-2 D동 | C33: 010-3918-2418 | D33: 010-9208-6514 | E33: S16811 | F33: 2420(부츠)sl (C) | G33: 베이지(롱S) | H33: 12000 | K33: 1 | O33: 0 | R33: 8/21 더안불량(오염) | S33: 0 | T33: 0 | W33: （주）디투어패럴
A34: 리마인드 | B34: 경기도 고양시 일산동구 지영로 59-2 D동 | C34: 010-3918-2418 | D34: 010-9208-6514 | E34: S16796 | F34: 2420(부츠)sl (C) | G34: 아이보리(숏S) | H34: 12000 | K34: 1 | O34: 0 | R34: 8/21 더안불량(오염) | S34: 0 | T34: 0 | W34: （주）디투어패럴
O35: 0 | S35: 0 | T35: 0
A36: KDG(부가세) | B36: 경기도 용인시 처인구 포곡읍 둔전로 49 | C36: 010-5818-0264 | D36: 010-5818-0264 | E36: S22536 | F36: 4081-1pt [부츠컷] | G36: 흑청/L/숏 | H36: 12500 | I36: 1 | L36: 1 | O36: 1 | S36: 1 | T36: 12500 | W36: 케이디지
A37: KDG(부가세) | B37: 경기도 용인시 처인구 포곡읍 둔전로 49 | C37: 010-5818-0264 | D37: 010-5818-0264 | E37: S22533 | F37: 4081-1pt [부츠컷] | G37: 흑청/M/숏 | H37: 12500 | I37: 1 | L37: 1 | O37: 1 | S37: 1 | T37: 12500 | W37: 케이디지
A38: KDG(부가세) | B38: 경기도 용인시 처인구 포곡읍 둔전로 49 | C38: 010-5818-0264 | D38: 010-5818-0264 | O38: 0 | R38: 08/22 부가세 | S38: 0 | T38: 2500 | W38: 케이디지
O39: 0 | S39: 0 | T39: 0
A40: 예삐박스 | B40: 남평화 3층 136 | C40: 010-5778-9084 | D40: 010-5778-9084 | E40: S22470 | F40: 여신하트라인골지캡소매티 [캡소매] | G40: 화이트 | H40: 6000 | I40: 1 | L40: 1 | O40: 1 | S40: 1 | T40: 6000 | W40: 김민
A41: 예삐박스 | B41: 남평화 3층 136 | C41: 010-5778-9084 | D41: 010-5778-9084 | E41: S22469 | F41: 여신하트라인골지캡소매티 [캡소매] | G41: 베이지 | H41: 6000 | K41: 1 | O41: 0 | Q41: 차감함 | R41: 8/19 더안불량(오염) | S41: 0 | T41: -6000 | W41: 김민
O42: 0 | S42: 0 | T42: 0
A43: 마젠타 | B43: 남평화 3층 가-15,16 | C43: 010-3801-1516 | D43: 010-3801-1516 | E43: S16406 | F43: 부드러운반목니트반팔 [5부] | G43: 검정 | H43: 6000 | I43: 1 | L43: 1 | O43: 1 | S43: 1 | T43: 6000 | W43: (주)마젠타어패럴그
O44: 0 | S44: 0 | T44: 0
A45: 리머블 | B45: 남평화 지하 1층 B-14 | C45: 010-7761-8021 | D45: 010-7761-8021 | E45: S22867 | F45: 8900 [가방] | G45: 화이트 | H45: 13000 | I45: 2 | L45: 2 | O45: 2 | S45: 2 | T45: 26000 | W45: 정자영(리머블)
O46: 0 | S46: 0 | T46: 0
A47: 언니제이 | B47: 누죤 1층 517 | C47: 010-7546-5171 | D47: 010-7546-5171 | E47: S22607 | F47: 1160밀키코튼블라우스 [반팔] | G47: 소라 | H47: 11000 | J47: 1 | O47: 0 | Q47: 일밤 | R47: 미송1 | S47: 0 | T47: 0 | U47: 11000 | V47: 45889 | W47: 고연정
O48: 0 | S48: 0 | T48: 0
A49: 슬로그(누죤) | B49: 누죤 3층 429 | C49: 010-8780-0823 | D49: 010-8780-0823 | E49: S21032 | F49: 카라배색빌리프 [반팔] | G49: 네이비 | H49: 15000 | I49: 2 | L49: 2 | O49: 2 | S49: 2 | T49: 30000 | W49: 윤상원
O50: 0 | S50: 0 | T50: 0
A51: 페이브 | B51: 누죤 4층 605 | C51: 010-3917-9639 | D51: 010-3917-9639 | E51: S18730 | F51: 투미목걸이 | G51: 골드 | H51: 4000 | I51: 5 | L51: 5 | O51: 5 | S51: 5 | T51: 20000 | W51: 이나은(페이브)
A52: 페이브 | B52: 누죤 4층 605 | C52: 010-3917-9639 | D52: 010-3917-9639 | E52: S18729 | F52: 투미목걸이 | G52: 실버 | H52: 4000 | I52: 50 | O52: 0 | Q52: 일밤 | S52: 0 | T52: 0 | W52: 이나은(페이브)
O53: 0 | S53: 0 | T53: 0
A54: 두유 | B54: 디오트 1층 A-01 | C54: 010-6691-8676 | D54: 010-6691-8676 | E54: S22455 | F54: 리틀셔링반팔티 [반팔] | G54: 검정 | H54: 6000 | I54: 3 | L54: 3 | O54: 3 | S54: 3 | T54: 18000 | W54: 주식회사 두유
A55: 두유 | B55: 디오트 1층 A-01 | C55: 010-6691-8676 | D55: 010-6691-8676 | E55: S22457 | F55: 리틀셔링반팔티 [반팔] | G55: 소라 | H55: 6000 | I55: 3 | L55: 1 | O55: 1 | Q55: 나머지 다음주중 | S55: 1 | T55: 6000 | W55: 주식회사 두유
A56: 두유 | B56: 디오트 1층 A-01 | C56: 010-6691-8676 | D56: 010-6691-8676 | E56: S22458 | F56: 리틀셔링반팔티 [반팔] | G56: 아이 | H56: 6000 | K56: 1 | O56: 0 | Q56: 일밤 | R56: 8/20 더안불량(올풀림) | S56: 0 | T56: 0 | W56: 주식회사 두유
A57: 두유 | B57: 디오트 1층 A-01 | C57: 010-6691-8676 | D57: 010-6691-8676 | E57: S22458 | F57: 리틀셔링반팔티 [반팔] | G57: 아이 | H57: 6000 | K57: 1 | O57: 0 | Q57: 일밤 | R57: 8/20 더안불량(재봉불량) | S57: 0 | T57: 0 | W57: 주식회사 두유
O58: 0 | S58: 0 | T58: 0
A59: 나루 | B59: 디오트 1층 A-11 | C59: 02-2117-8051 | D59: 010-5621-8051 | E59: S21595 | F59: 포켓셔츠나시세트 [끈나시셔츠set] | G59: 아이보리 | H59: 10000 | I59: 1 | L59: 1 | O59: 1 | S59: 1 | T59: 10000 | W59: 주식회사 터프나루
A60: 나루 | B60: 디오트 1층 A-11 | C60: 02-2117-8051 | D60: 010-5621-8051 | E60: S21595 | F60: 포켓셔츠나시세트 [끈나시셔츠set] | G60: 아이보리 | H60: 10000 | K60: 1 | O60: 0 | Q60: 차감함 | R60: 8/14 더안불량(오염) | S60: 0 | T60: -10000 | W60: 주식회사 터프나루
O61: 0 | S61: 0 | T61: 0
A62: 제니퍼 | B62: 디오트 1층 A-19 | C62: 010-2207-9789 | D62: 010-2207-9789 | E62: S21403 | F62: 골지단추u넥반팔nt [반팔] | G62: 검정 | H62: 6000 | I62: 2 | L62: 2 | O62: 2 | S62: 2 | T62: 12000 | W62: 김미애(제니퍼)
A63: 제니퍼 | B63: 디오트 1층 A-19 | C63: 010-2207-9789 | D63: 010-2207-9789 | E63: S22344 | F63: 쁘띠반팔 [반팔] | G63: 검정 | H63: 10000 | I63: 1 | L63: 1 | O63: 1 | S63: 1 | T63: 10000 | W63: 김미애(제니퍼)
A64: 제니퍼 | B64: 디오트 1층 A-19 | C64: 010-2207-9789 | D64: 010-2207-9789 | E64: S22347 | F64: 쁘띠반팔 [반팔] | G64: 연회색 | H64: 10000 | I64: 2 | L64: 2 | O64: 2 | S64: 2 | T64: 20000 | W64: 김미애(제니퍼)
A65: 제니퍼 | B65: 디오트 1층 A-19 | C65: 010-2207-9789 | D65: 010-2207-9789 | E65: S21938 | F65: 아베크앞뒤t [반팔] | G65: 아이 | H65: 12000 | I65: 1 | L65: 1 | O65: 1 | S65: 1 | T65: 12000 | W65: 김미애(제니퍼)
A66: 제니퍼 | B66: 디오트 1층 A-19 | C66: 010-2207-9789 | D66: 010-2207-9789 | E66: S21405 | F66: 골지단추u넥반팔nt [반팔] | G66: 베이지 | H66: 6000 | K66: 1 | O66: 0 | R66: 8/21 더안불량(올풀림) | S66: 0 | T66: 0 | W66: 김미애(제니퍼)
O67: 0 | S67: 0 | T67: 0
A68: 딥 | B68: 디오트 1층 A-20 | C68: 02-2253-6681 | D68: 010-9174-5512 | E68: S21875 | F68: 370기본 [와이드] ☆ | G68: 1아이보리/S ☆2508 | H68: 12000 | I68: 1 | L68: 1 | O68: 1 | S68: 1 | T68: 12000 | W68: （주）디씨패밀리
A69: 딥 | B69: 디오트 1층 A-20 | C69: 02-2253-6681 | D69: 010-9174-5512 | E69: S22636 | F69: 5560 [와이드] | G69: 검정/S | H69: 15000 | K69: 1 | O69: 0 | R69: 8/21 더안불량(밑단불량) | S69: 0 | T69: 0 | W69: （주）디씨패밀리
O70: 0 | S70: 0 | T70: 0
A71: 하라 | B71: 디오트 1층 B-04 | C71: 010-3047-2263 | D71: 010-3047-2263 | E71: S23235 | F71: 블레스나시 [캡소매] | G71: 크림 | H71: 15000 | I71: 10 | L71: 10 | O71: 10 | S71: 10 | T71: 150000 | W71: 채경희(하라)
A72: 하라 | B72: 디오트 1층 B-04 | C72: 010-3047-2263 | D72: 010-3047-2263 | E72: S23040 | F72: 젤라또bl [캡소매] | G72: 검정 | H72: 16000 | I72: 2 | L72: 2 | O72: 2 | S72: 2 | T72: 32000 | W72: 채경희(하라)
A73: 하라 | B73: 디오트 1층 B-04 | C73: 010-3047-2263 | D73: 010-3047-2263 | E73: S23235 | F73: 블레스나시 [캡소매] | G73: 크림 | H73: 15000 | K73: 1 | O73: 0 | R73: 8/22 더안불량(오염) | S73: 0 | T73: 0 | W73: 채경희(하라)
O74: 0 | S74: 0 | T74: 0
A75: 라우라 | B75: 디오트 1층 B-06 | D75: 010-8319-7838 | E75: S18258 | F75: 데일리하프폴라니트 (C) | G75: 소라★2412 | H75: 8000 | K75: 1 | O75: 0 | Q75: 다음주문차감 | R75: 02/12 더안불량 (올나감) | S75: 0 | T75: 0 | W75: (주)도로시클로딩
A76: 라우라 | B76: 디오트 1층 B-06 | D76: 010-8319-7838 | E76: S18257 | F76: 데일리하프폴라니트 (C) | G76: 아이★2501 | H76: 8000 | K76: 1 | O76: 0 | Q76: 다음주문차감 | R76: 02/06 더안불량 (오염) | S76: 0 | T76: 0 | W76: (주)도로시클로딩
O77: 0 | S77: 0 | T77: 0
A78: 더포르투나 | B78: 디오트 1층 B-13 | C78: 010-4084-7778 | D78: 010-4084-7778 | E78: S22587 | F78: d6837pt [와이드] ☆ | G78: 화이트/M ☆2507 | H78: 12500 | K78: 1 | O78: 0 | Q78: 다음주문차감 | R78: 7/31 더안불량(오염) | S78: 0 | T78: 0 | W78: (주)더포르투나
A79: 더포르투나 | B79: 디오트 1층 B-13호 | C79: 010-4084-7778 | D79: 010-4084-7778 | E79: S22582 | F79: d6837pt [와이드] ☆ | G79: 크림/S ☆2507 | H79: 12500 | K79: 1 | O79: 0 | Q79: 다음주문차감 | R79: 8/8 더안불량(세탁 후 기장 짧아짐) | S79: 0 | T79: 0 | W79: (주)더포르투나
A80: 더포르투나 | B80: 디오트 1층 B-13호 | C80: 010-4084-7778 | D80: 010-4084-7778 | E80: S22586 | F80: d6837pt [와이드] ☆ | G80: 화이트/S ☆2507 | H80: 12500 | K80: 1 | O80: 0 | Q80: 다음주문차감 | R80: 8/8 더안불량(세탁 후 기장 짧아짐) | S80: 0 | T80: 0 | W80: (주)더포르투나
O81: 0 | S81: 0 | T81: 0
A82: 아가씨 | B82: 디오트 1층 C-22 | C82: 02-2117-4443 | D82: 010-3410-8422 | E82: S10371 | F82: 무지벨nb [긴팔] | G82: 크림 | H82: 8000 | I82: 1 | L82: 1 | O82: 1 | S82: 1 | T82: 8000 | W82: 이성현
A83: 아가씨 | B83: 디오트 1층 C-22 | C83: 02-2117-4443 | D83: 010-3410-8422 | E83: S23344 | F83: 벨트bl [반팔] | G83: 검정 | H83: 7000 | I83: 5 | L83: 5 | O83: 5 | S83: 5 | T83: 35000 | W83: 이성현
A84: 아가씨 | B84: 디오트 1층 C-22 | C84: 02-2117-4443 | D84: 010-3410-8422 | E84: S23345 | F84: 벨트bl [반팔] | G84: 먹색 | H84: 7000 | I84: 4 | O84: 0 | Q84: 일밤 | S84: 0 | T84: 0 | W84: 이성현
A85: 아가씨 | B85: 디오트 1층 C-22 | C85: 02-2117-4443 | D85: 010-3410-8422 | E85: S23346 | F85: 벨트bl [반팔] | G85: 아이 | H85: 7000 | I85: 1 | L85: 1 | O85: 1 | S85: 1 | T85: 7000 | W85: 이성현
O86: 0 | S86: 0 | T86: 0
A87: 오드 | B87: 디오트 1층 C-26호 | C87: 010-8536-4549 | D87: 010-8536-4549 | F87: 샘플픽업 | O87: 0 | Q87: OK | S87: 0 | T87: 0 | W87: 주식회사 오드점
O88: 0 | S88: 0 | T88: 0
A89: 몰디브 | B89: 디오트 1층 C-27호 | C89: 02-2117-8401 | D89: 02-2117-8401 | F89: 샘플픽업 | O89: 0 | Q89: OK | S89: 0 | T89: 0 | W89: 오중석(몰디브)
O90: 0 | S90: 0 | T90: 0
A91: 룩 | B91: 디오트 1층 D-01 | C91: 02-2117-4111 | D91: 010-3621-1032 | E91: S21508 | F91: 골지단r반팔 [반팔] ☆ | G91: 회색 ☆2508 | H91: 7000 | I91: 1 | L91: 1 | O91: 1 | S91: 1 | T91: 7000 | W91: 주식회사 룩어패럴
A92: 룩 | B92: 디오트 1층 D-01 | C92: 02-2117-4111 | D92: 010-3621-1032 | E92: S20159 | F92: 라일라날개소매 [반팔] ▼ | G92: 검정 ▼ | H92: 8700 | I92: 15 | O92: 0 | S92: 0 | T92: 0 | W92: 주식회사 룩어패럴
A93: 룩 | B93: 디오트 1층 D-01 | C93: 02-2117-4111 | D93: 010-3621-1032 | E93: S20160 | F93: 라일라날개소매 [반팔] ▼ | G93: 베이지 ▼ | H93: 8700 | I93: 3 | L93: 3 | O93: 3 | S93: 3 | T93: 26100 | W93: 주식회사 룩어패럴
A94: 룩 | B94: 디오트 1층 D-01 | C94: 02-2117-4111 | D94: 010-3621-1032 | E94: S20161 | F94: 라일라날개소매 [반팔] ▼ | G94: 소라 ▼ | H94: 8700 | I94: 3 | L94: 3 | O94: 3 | S94: 3 | T94: 26100 | W94: 주식회사 룩어패럴
A95: 룩 | B95: 디오트 1층 D-01 | C95: 02-2117-4111 | D95: 010-3621-1032 | E95: S20162 | F95: 라일라날개소매 [반팔] ▼ | G95: 아이 ▼ | H95: 8700 | I95: 10 | L95: 10 | O95: 10 | S95: 10 | T95: 87000 | W95: 주식회사 룩어패럴
A96: 룩 | B96: 디오트 1층 D-01 | C96: 02-2117-4111 | D96: 010-3621-1032 | E96: S20163 | F96: 라일라날개소매 [반팔] ▼ | G96: 핑크 ▼ | H96: 8700 | I96: 3 | L96: 3 | O96: 3 | S96: 3 | T96: 26100 | W96: 주식회사 룩어패럴
A97: 룩 | B97: 디오트 1층 D-01 | C97: 02-2117-4111 | D97: 010-3621-1032 | E97: S22008 | F97: 살랑단가라cd [반팔] | G97: 아이보리 | H97: 13000 | I97: 1 | L97: 1 | O97: 1 | S97: 1 | T97: 13000 | W97: 주식회사 룩어패럴
A98: 룩 | B98: 디오트 1층 D-01 | C98: 02-2117-4111 | D98: 010-3621-1032 | E98: S22191 | F98: 섀도우나시 [민소매] ☆ | G98: 베이지 ☆2508 | H98: 8000 | I98: 1 | L98: 1 | O98: 1 | Q98: 미입고 일밤 | S98: 1 | T98: 8000 | W98: 주식회사 룩어패럴
A99: 룩 | B99: 디오트 1층 D-01 | C99: 02-2117-4111 | D99: 010-3621-1032 | E99: S21749 | F99: 언발단추반팔 [반팔] ▼ | G99: 검정 ▼ | H99: 10700 | I99: 1 | L99: 1 | O99: 1 | S99: 1 | T99: 10700 | W99: 주식회사 룩어패럴
A100: 룩 | B100: 디오트 1층 D-01 | C100: 02-2117-4111 | D100: 010-3621-1032 | E100: S21752 | F100: 언발단추반팔 [반팔] ▼ | G100: 핑크 ▼ | H100: 10700 | I100: 1 | O100: 0 | S100: 0 | T100: 0 | W100: 주식회사 룩어패럴
A101: 룩 | B101: 디오트 1층 D-01 | C101: 02-2117-4111 | D101: 010-3621-1032 | E101: S20063 | F101: 우드R [긴팔] | G101: 브라운 | H101: 9000 | I101: 1 | L101: 1 | O101: 1 | S101: 1 | T101: 9000 | W101: 주식회사 룩어패럴
A102: 룩 | B102: 디오트 1층 D-01 | C102: 02-2117-4111 | D102: 010-3621-1032 | E102: S21977 | F102: 클린사각나시 [민소매] | G102: 검정 | H102: 5000 | I102: 1 | L102: 1 | O102: 1 | S102: 1 | T102: 5000 | W102: 주식회사 룩어패럴
...

Sheet 0820
A1: 가나다란 08/20(수밤) 주문서 | I1: 발주 | L1: 장끼 | O1: 입고 | P1: 차이
A2: 거래처명 | B2: 공급처주소 | C2: 공급처연락처 | D2: 공급처휴대전화 | E2: 상품코드 | F2: 공급처상품명 | G2: 공급처옵션 | H2: 원가 | I2: 신규주문 | J2: 미송 | K2: 교환 | L2: 장끼 | M2: 미송 | N2: 교환 | O2: 주문 | P2: 주문 | Q2: 삼촌 코멘트 | R2: 가나다란 코멘트 | S2: 실입고수 | T2: 오늘입금할금액 | U2: 미송/매입금액 | V2: 입금일 | W2: 공급처예금주
I3: 1707 | J3: 800 | K3: 156 | L3: 829 | M3: 95 | N3: 16 | O3: 405 | P3: 0 | S3: 405 | T3: 15723900 | U3: 9829500 | V3: 3120107
Q4: ※ 주문서 작성시 KDG, 제이와이엠, 디피프로젝트 카톡 채널 공유 필수 | S4: 0 | T4: 0
A5: 래래 | B5: 본사반출 | E5: S23304 | F5: 벨트sl | G5: 진베이지/s/롱 | K5: 1 | R5: 08/19 본사반출(코디, 촬영용 - 결제 완료) | T5: 0 | W5: 김래영（래래（ＲＡＥ
A6: 래래 | B6: 본사반출 | E6: S23312 | F6: 벨트sl | G6: 블랙/s/롱 | K6: 1 | R6: 08/19 본사반출(코디, 촬영용 - 결제 완료) | T6: 0 | W6: 김래영（래래（ＲＡＥ
A7: 래래 | B7: 본사반출 | E7: S23300 | F7: 벨트sl | G7: 아이/s/롱 | K7: 1 | R7: 08/19 본사반출(코디, 촬영용 - 결제 완료) | T7: 0 | W7: 김래영（래래（ＲＡＥ
A8: 래래 | B8: 본사반출 | E8: S23308 | F8: 벨트sl | G8: 진그레이/s/롱 | K8: 1 | R8: 08/19 본사반출(코디, 촬영용 - 결제 완료) | T8: 0 | W8: 김래영（래래（ＲＡＥ
A9: 래래 | B9: 본사반출 | E9: S23316 | F9: 벨트sl | G9: 브라운/s/롱 | K9: 1 | R9: 08/19 본사반출(코디, 촬영용 - 결제 완료) | T9: 0 | W9: 김래영（래래（ＲＡＥ
T10: 0
A11: 리마인드 | B11: 경기도 고양시 일산동구 지영로 59-2 D동 | C11: 010-3918-2418 | D11: 010-9208-6514 | E11: S16811 | F11: 2420(부츠)sl (C) | G11: 베이지(롱S) | H11: 12000 | I11: 1 | L11: 1 | O11: 1 | S11: 1 | T11: 12000 | W11: （주）디투어패럴
A12: 리마인드 | B12: 경기도 고양시 일산동구 지영로 59-2 D동 | C12: 010-3918-2418 | D12: 010-9208-6514 | E12: S16837 | F12: 2420(부츠)sl (C) | G12: 블랙(기본L) | H12: 12000 | I12: 1 | L12: 1 | O12: 1 | S12: 1 | T12: 12000 | W12: （주）디투어패럴
A13: 리마인드 | B13: 경기도 고양시 일산동구 지영로 59-2 D동 | C13: 010-3918-2418 | D13: 010-9208-6514 | E13: S16836 | F13: 2420(부츠)sl (C) | G13: 블랙(기본M) | H13: 12000 | I13: 1 | L13: 1 | O13: 1 | S13: 1 | T13: 12000 | W13: （주）디투어패럴
A14: 리마인드 | B14: 경기도 고양시 일산동구 지영로 59-2 D동 | C14: 010-3918-2418 | D14: 010-9208-6514 | E14: S16835 | F14: 2420(부츠)sl (C) | G14: 블랙(기본S) | H14: 12000 | I14: 1 | L14: 1 | O14: 1 | S14: 1 | T14: 12000 | W14: （주）디투어패럴
A15: 리마인드 | B15: 경기도 고양시 일산동구 지영로 59-2 D동 | C15: 010-3918-2418 | D15: 010-9208-6514 | E15: S16802 | F15: 2420(부츠)sl (C) | G15: 아이보리(롱S) | H15: 12000 | I15: 1 | L15: 1 | O15: 1 | S15: 1 | T15: 12000 | W15: （주）디투어패럴
A16: 리마인드 | B16: 경기도 고양시 일산동구 지영로 59-2 D동 | C16: 010-3918-2418 | D16: 010-9208-6514 | E16: S16796 | F16: 2420(부츠)sl (C) | G16: 아이보리(숏S) | H16: 12000 | I16: 1 | L16: 1 | O16: 1 | S16: 1 | T16: 12000 | W16: （주）디투어패럴
A17: 리마인드 | B17: 경기도 고양시 일산동구 지영로 59-2 D동 | C17: 010-3918-2418 | D17: 010-9208-6514 | E17: S16864 | F17: 2430(와이드)sl ☆ | G17: 블랙(기본M) ☆2506 | H17: 12000 | I17: 1 | L17: 1 | O17: 1 | S17: 1 | T17: 12000 | W17: （주）디투어패럴
A18: 리마인드 | B18: 경기도 고양시 일산동구 지영로 59-2 D동 | C18: 010-3918-2418 | D18: 010-9208-6514 | E18: S22134 | F18: 4503 [반바지] | G18: 베이지/M | H18: 10000 | I18: 2 | L18: 2 | O18: 2 | S18: 2 | T18: 20000 | W18: （주）디투어패럴
A19: 리마인드 | B19: 경기도 고양시 일산동구 지영로 59-2 D동 | C19: 010-3918-2418 | D19: 010-9208-6514 | E19: S22137 | F19: 4503 [반바지] | G19: 블랙/M | H19: 10000 | I19: 5 | L19: 5 | O19: 5 | S19: 5 | T19: 50000 | W19: （주）디투어패럴
A20: 리마인드 | B20: 경기도 고양시 일산동구 지영로 59-2 D동 | C20: 010-3918-2418 | D20: 010-9208-6514 | E20: S22136 | F20: 4503 [반바지] | G20: 블랙/S | H20: 10000 | I20: 2 | L20: 2 | O20: 2 | S20: 2 | T20: 20000 | W20: （주）디투어패럴
A21: 리마인드 | B21: 경기도 고양시 일산동구 지영로 59-2 D동 | C21: 010-3918-2418 | D21: 010-9208-6514 | E21: S22131 | F21: 4503 [반바지] | G21: 아이보리/M | H21: 10000 | I21: 10 | L21: 10 | O21: 10 | S21: 10 | T21: 100000 | W21: （주）디투어패럴
A22: 리마인드 | B22: 경기도 고양시 일산동구 지영로 59-2 D동 | C22: 010-3918-2418 | D22: 010-9208-6514 | E22: S19665 | F22: 5100-3pt [부츠컷] | G22: 연청/S | H22: 14000 | I22: 1 | L22: 1 | O22: 1 | S22: 1 | T22: 14000 | W22: （주）디투어패럴
A23: 리마인드 | B23: 경기도 고양시 일산동구 지영로 59-2 D동 | C23: 010-3918-2418 | D23: 010-9208-6514 | E23: S22019 | F23: 5412nt [반팔] | G23: 블랙 | H23: 11000 | I23: 2 | L23: 2 | O23: 2 | S23: 2 | T23: 18000 | W23: （주）디투어패럴
A24: 리마인드 | B24: 경기도 고양시 일산동구 지영로 59-2 D동 | C24: 010-3918-2418 | D24: 010-9208-6514 | O24: 0 | Q24: 8/4 오더건 > 입금 필요 | S24: 0 | T24: 3562000 | W24: （주）디투어패럴
A25: 리마인드 | B25: 경기도 고양시 일산동구 지영로 59-2 D동 | C25: 010-3918-2418 | D25: 010-9208-6514 | E25: S16800 | F25: 2420(부츠)sl (C) | G25: 아이보리(기본M) | H25: 12000 | K25: 1 | O25: 0 | R25: 8/13 더안불량(오염) | S25: 0 | T25: 0 | W25: （주）디투어패럴
A26: 리마인드 | B26: 경기도 고양시 일산동구 지영로 59-2 D동 | C26: 010-3918-2418 | D26: 010-9208-6514 | E26: S22136 | F26: 4503 [반바지] | G26: 블랙/S | H26: 10000 | K26: 1 | O26: 0 | R26: 8/18 더안불량(양쪽길이 다름) | S26: 0 | T26: 0 | W26: （주）디투어패럴
A27: 리마인드 | B27: 경기도 고양시 일산동구 지영로 59-2 D동 | C27: 010-3918-2418 | D27: 010-9208-6514 | E27: S22131 | F27: 4503 [반바지] | G27: 아이보리/M | H27: 10000 | K27: 1 | O27: 0 | R27: 8/18 더안불량(오염) | S27: 0 | T27: 0 | W27: （주）디투어패럴
A28: 리마인드 | B28: 경기도 고양시 일산동구 지영로 59-2 D동 | C28: 010-3918-2418 | D28: 010-9208-6514 | E28: S19666 | F28: 5100-3pt [부츠컷] | G28: 연청/M | H28: 14000 | K28: 1 | O28: 0 | R28: 8/6 더안불량(오입고) | S28: 0 | T28: 0 | W28: （주）디투어패럴
A29: 리마인드 | B29: 경기도 고양시 일산동구 지영로 59-2 D동 | C29: 010-3918-2418 | D29: 010-9208-6514 | E29: S19241 | F29: 5106-5pt [와이드] | G29: 화이트(S,롱) | H29: 13000 | K29: 1 | O29: 0 | R29: 8/18 더안불량(오염) | S29: 0 | T29: 0 | W29: （주）디투어패럴
A30: 리마인드 | B30: 경기도 고양시 일산동구 지영로 59-2 D동 | C30: 010-3918-2418 | D30: 010-9208-6514 | E30: S19240 | F30: 5106-5pt [와이드] | G30: 화이트(S,숏) | H30: 13000 | K30: 1 | O30: 0 | R30: 8/18 더안불량(오염) | S30: 0 | T30: 0 | W30: （주）디투어패럴
A31: 리마인드 | B31: 경기도 고양시 일산동구 지영로 59-2 D동 | C31: 010-3918-2418 | D31: 010-9208-6514 | E31: S22018 | F31: 5412nt [반팔] | G31: 베이지 | H31: 11000 | K31: 1 | O31: 0 | R31: 8/14 더안불량(앞면 오염) | S31: 0 | T31: 0 | W31: （주）디투어패럴
A32: 리마인드 | B32: 경기도 고양시 일산동구 지영로 59-2 D동 | C32: 010-3918-2418 | D32: 010-9208-6514 | E32: S16796 | F32: 2420(부츠)sl (C) | G32: 아이보리(숏S) | H32: 12000 | K32: 1 | O32: 0 | R32: 8/21 더안불량(오염) | S32: 0 | T32: 0 | W32: （주）디투어패럴
A33: 리마인드 | B33: 경기도 고양시 일산동구 지영로 59-2 D동 | C33: 010-3918-2418 | D33: 010-9208-6514 | E33: S16811 | F33: 2420(부츠)sl (C) | G33: 베이지(롱S) | H33: 12000 | K33: 1 | O33: 0 | R33: 8/21 더안불량(오염) | S33: 0 | T33: 0 | W33: （주）디투어패럴
O34: 0 | S34: 0 | T34: 0
A35: 예삐박스 | B35: 남평화 3층 136 | C35: 010-5778-9084 | D35: 010-5778-9084 | E35: S22471 | F35: 여신하트라인골지캡소매티 [캡소매] | G35: 블랙 | H35: 6000 | I35: 1 | O35: 0 | Q35: 목밤 | S35: 0 | T35: 0 | W35: 김민
A36: 예삐박스 | B36: 남평화 3층 136 | C36: 010-5778-9084 | D36: 010-5778-9084 | E36: S22469 | F36: 여신하트라인골지캡소매티 [캡소매] | G36: 베이지 | H36: 6000 | K36: 1 | O36: 0 | Q36: 목밤 | R36: 8/19 더안불량(오염) | S36: 0 | T36: 0 | W36: 김민
O37: 0 | S37: 0 | T37: 0
A38: 리머블 | B38: 남평화 지하 1층 B-14 | C38: 010-7761-8021 | D38: 010-7761-8021 | E38: S22866 | F38: 8900 [가방] | G38: 블랙 | H38: 13000 | I38: 1 | L38: 1 | O38: 1 | S38: 1 | T38: 13000 | W38: 정자영(리머블)
A39: 리머블 | B39: 남평화 지하 1층 B-14 | C39: 010-7761-8021 | D39: 010-7761-8021 | E39: S22867 | F39: 8900 [가방] | G39: 화이트 | H39: 13000 | I39: 2 | O39: 0 | Q39: 목밤 | S39: 0 | T39: 0 | W39: 정자영(리머블)
O40: 0 | S40: 0 | T40: 0
A41: 언니제이 | B41: 누죤 1층 517 | C41: 010-7546-5171 | D41: 010-7546-5171 | E41: S22607 | F41: 1160밀키코튼블라우스 [반팔] | G41: 소라 | H41: 11000 | J41: 1 | O41: 0 | Q41: 일밤 | R41: 미송1 | S41: 0 | T41: 0 | U41: 11000 | V41: 45889 | W41: 고연정
O42: 0 | S42: 0 | T42: 0
A43: 슬로그(누죤) | B43: 누죤 3층 429 | C43: 010-8780-0823 | D43: 010-8780-0823 | F43: 2차 택배발송건 입금필요 | O43: 0 | Q43: 2차 택배발송건 입금필요(택배비 포함) | S43: 0 | T43: 371000 | W43: 윤상원
O44: 0 | S44: 0 | T44: 0
A45: 페이브 | B45: 누죤 4층 605 | C45: 010-3917-9639 | D45: 010-3917-9639 | E45: S21185 | F45: 쁘띠목걸이 [목걸이] | G45: 골드 | H45: 3000 | I45: 1 | L45: 1 | O45: 1 | S45: 1 | T45: 3000 | W45: 이나은(페이브)
A46: 페이브 | B46: 누죤 4층 605 | C46: 010-3917-9639 | D46: 010-3917-9639 | E46: S18729 | F46: 투미목걸이 | G46: 실버 | H46: 4000 | I46: 30 | L46: 10 | O46: 10 | Q46: 나머지 목밤 | S46: 10 | T46: 40000 | W46: 이나은(페이브)
O47: 0 | S47: 0 | T47: 0
A48: 앨리 | B48: 누죤 지하 1층 514 | C48: 010-5098-5860 | D48: 010-5098-5860 | E48: S19112 | F48: 포어셔링슬림긴팔티 [긴팔] ☆ | G48: 연카키 ☆2505 | H48: 8000 | I48: 1 | L48: 1 | O48: 1 | S48: 1 | T48: 8000 | W48: 신나겸이（앨리）
O49: 0 | S49: 0 | T49: 0
A50: 두유 | B50: 디오트 1층 A-01 | C50: 010-6691-8676 | D50: 010-6691-8676 | E50: S22455 | F50: 리틀셔링반팔티 [반팔] | G50: 검정 | H50: 6000 | I50: 3 | L50: 3 | O50: 3 | S50: 3 | T50: 18000 | W50: 주식회사 두유
A51: 두유 | B51: 디오트 1층 A-01 | C51: 010-6691-8676 | D51: 010-6691-8676 | E51: S22457 | F51: 리틀셔링반팔티 [반팔] | G51: 소라 | H51: 6000 | I51: 3 | O51: 0 | Q51: 다음주중 | S51: 0 | T51: 0 | W51: 주식회사 두유
A52: 두유 | B52: 디오트 1층 A-01 | C52: 010-6691-8676 | D52: 010-6691-8676 | E52: S22459 | F52: 리틀셔링반팔티 [반팔] | G52: 회색 | H52: 6000 | I52: 1 | L52: 1 | O52: 1 | S52: 1 | T52: 6000 | W52: 주식회사 두유
A53: 두유 | B53: 디오트 1층 A-01 | C53: 010-6691-8676 | D53: 010-6691-8676 | E53: S22458 | F53: 리틀셔링반팔티 [반팔] | G53: 아이 | H53: 6000 | K53: 1 | O53: 0 | R53: 8/20 더안불량(올풀림) | S53: 0 | T53: 0 | W53: 주식회사 두유
A54: 두유 | B54: 디오트 1층 A-01 | C54: 010-6691-8676 | D54: 010-6691-8676 | E54: S22458 | F54: 리틀셔링반팔티 [반팔] | G54: 아이 | H54: 6000 | K54: 1 | O54: 0 | R54: 8/20 더안불량(재봉불량) | S54: 0 | T54: 0 | W54: 주식회사 두유
O55: 0 | S55: 0 | T55: 0
A56: 나루 | B56: 디오트 1층 A-11 | C56: 02-2117-8051 | D56: 010-5621-8051 | E56: S21595 | F56: 포켓셔츠나시세트 [끈나시셔츠set] | G56: 아이보리 | H56: 10000 | K56: 1 | O56: 0 | Q56: 다음주문차감 | R56: 8/14 더안불량(오염) | S56: 0 | T56: 0 | W56: 주식회사 터프나루
O57: 0 | S57: 0 | T57: 0
A58: 제니퍼 | B58: 디오트 1층 A-19 | C58: 010-2207-9789 | D58: 010-2207-9789 | E58: S21403 | F58: 골지단추u넥반팔nt [반팔] | G58: 검정 | H58: 6000 | I58: 3 | L58: 3 | O58: 3 | S58: 3 | T58: 18000 | W58: 김미애(제니퍼)
A59: 제니퍼 | B59: 디오트 1층 A-19 | C59: 010-2207-9789 | D59: 010-2207-9789 | E59: S21405 | F59: 골지단추u넥반팔nt [반팔] | G59: 베이지 | H59: 6000 | I59: 5 | L59: 5 | O59: 5 | S59: 5 | T59: 30000 | W59: 김미애(제니퍼)
A60: 제니퍼 | B60: 디오트 1층 A-19 | C60: 010-2207-9789 | D60: 010-2207-9789 | E60: S22439 | F60: 두줄스퀘어나시 [민소매] ☆ | G60: 아이 ☆2508 | H60: 12000 | I60: 1 | L60: 1 | O60: 1 | S60: 1 | T60: 12000 | W60: 김미애(제니퍼)
A61: 제니퍼 | B61: 디오트 1층 A-19 | C61: 010-2207-9789 | D61: 010-2207-9789 | E61: S22414 | F61: 뒤끈골지t [반팔] ☆ | G61: 핑크 ☆2507 | H61: 7000 | I61: 1 | L61: 1 | O61: 1 | S61: 1 | T61: 7000 | W61: 김미애(제니퍼)
A62: 제니퍼 | B62: 디오트 1층 A-19 | C62: 010-2207-9789 | D62: 010-2207-9789 | E62: S22346 | F62: 쁘띠반팔 [반팔] | G62: 아이보리 | H62: 10000 | I62: 1 | L62: 1 | O62: 1 | S62: 1 | T62: 10000 | W62: 김미애(제니퍼)
A63: 제니퍼 | B63: 디오트 1층 A-19 | C63: 010-2207-9789 | D63: 010-2207-9789 | E63: S21934 | F63: 아베크앞뒤t [반팔] | G63: 검정 | H63: 12000 | I63: 1 | L63: 1 | O63: 1 | S63: 1 | T63: 12000 | W63: 김미애(제니퍼)
A64: 제니퍼 | B64: 디오트 1층 A-19 | C64: 010-2207-9789 | D64: 010-2207-9789 | E64: S21936 | F64: 아베크앞뒤t [반팔] | G64: 베이지 | H64: 12000 | I64: 1 | L64: 1 | O64: 1 | S64: 1 | T64: 12000 | W64: 김미애(제니퍼)
A65: 제니퍼 | B65: 디오트 1층 A-19 | C65: 010-2207-9789 | D65: 010-2207-9789 | E65: S21938 | F65: 아베크앞뒤t [반팔] | G65: 아이 | H65: 12000 | I65: 1 | L65: 1 | O65: 1 | S65: 1 | T65: 12000 | W65: 김미애(제니퍼)
A66: 제니퍼 | B66: 디오트 1층 A-19 | C66: 010-2207-9789 | D66: 010-2207-9789 | E66: S22845 | F66: 치크사선r [반팔] ☆ | G66: 곤색 ☆2508 | H66: 12000 | I66: 1 | L66: 1 | O66: 1 | S66: 1 | T66: 12000 | W66: 김미애(제니퍼)
A67: 제니퍼 | B67: 디오트 1층 A-19 | C67: 010-2207-9789 | D67: 010-2207-9789 | E67: S22847 | F67: 치크사선r [반팔] ☆ | G67: 오트 ☆2508 | H67: 12000 | I67: 1 | L67: 1 | O67: 1 | S67: 1 | T67: 12000 | W67: 김미애(제니퍼)
A68: 제니퍼 | B68: 디오트 1층 A-19 | C68: 010-2207-9789 | D68: 010-2207-9789 | E68: S21405 | F68: 골지단추u넥반팔nt [반팔] | G68: 베이지 | H68: 6000 | K68: 1 | O68: 0 | R68: 8/21 더안불량(올풀림) | S68: 0 | T68: 0 | W68: 김미애(제니퍼)
O69: 0 | S69: 0 | T69: 0
A70: 딥 | B70: 디오트 1층 A-20 | C70: 02-2253-6681 | D70: 010-9174-5512 | E70: S19820 | F70: 2073pt [와이드] ☆ | G70: 진청/M ☆2506 | H70: 19000 | I70: 1 | L70: 1 | O70: 1 | S70: 1 | T70: 19000 | W70: （주）디씨패밀리
A71: 딥 | B71: 디오트 1층 A-20 | C71: 02-2253-6681 | D71: 010-9174-5512 | E71: S21883 | F71: 370기본 [와이드] ☆ | G71: 6검정/L ☆2508 | H71: 12000 | I71: 1 | L71: 1 | O71: 1 | S71: 1 | T71: 12000 | W71: （주）디씨패밀리
A72: 딥 | B72: 디오트 1층 A-20 | C72: 02-2253-6681 | D72: 010-9174-5512 | E72: S22636 | F72: 5560 [와이드] | G72: 검정/S | H72: 15000 | I72: 1 | L72: 1 | O72: 1 | S72: 1 | T72: 15000 | W72: （주）디씨패밀리
A73: 딥 | B73: 디오트 1층 A-20 | C73: 02-2253-6681 | D73: 010-9174-5512 | E73: S22641 | F73: 5560 [와이드] | G73: 아이보리/L | H73: 15000 | I73: 1 | L73: 1 | O73: 1 | S73: 1 | T73: 15000 | W73: （주）디씨패밀리
A74: 딥 | B74: 디오트 1층 A-20 | C74: 02-2253-6681 | D74: 010-9174-5512 | E74: S22639 | F74: 5560 [와이드] | G74: 아이보리/S | H74: 15000 | I74: 1 | L74: 1 | O74: 1 | S74: 1 | T74: 15000 | W74: （주）디씨패밀리
A75: 딥 | B75: 디오트 1층 A-20 | C75: 02-2253-6681 | D75: 010-9174-5512 | E75: S22639 | F75: 5560 [와이드] | G75: 아이보리/S | H75: 15000 | K75: 1 | O75: 0 | Q75: 차감함 | R75: 8/18 더안불량(올트임,실밥미처리) | S75: 0 | T75: -15000 | W75: （주）디씨패밀리
A76: 딥 | B76: 디오트 1층 A-20 | C76: 02-2253-6681 | D76: 010-9174-5512 | E76: S22636 | F76: 5560 [와이드] | G76: 검정/S | H76: 15000 | K76: 1 | O76: 0 | R76: 8/21 더안불량(밑단불량) | S76: 0 | T76: 0 | W76: （주）디씨패밀리
O77: 0 | S77: 0 | T77: 0
A78: 하라 | B78: 디오트 1층 B-04 | C78: 010-3047-2263 | D78: 010-3047-2263 | E78: S23233 | F78: 블레스나시 [캡소매] | G78: 검정 | H78: 15000 | I78: 3 | L78: 3 | O78: 3 | S78: 3 | T78: 45000 | W78: 채경희(하라)
A79: 하라 | B79: 디오트 1층 B-04 | C79: 010-3047-2263 | D79: 010-3047-2263 | E79: S23234 | F79: 블레스나시 [캡소매] | G79: 먹색 | H79: 15000 | I79: 10 | L79: 10 | O79: 10 | S79: 10 | T79: 150000 | W79: 채경희(하라)
A80: 하라 | B80: 디오트 1층 B-04 | C80: 010-3047-2263 | D80: 010-3047-2263 | E80: S23235 | F80: 블레스나시 [캡소매] | G80: 크림 | H80: 15000 | I80: 3 | L80: 3 | O80: 3 | S80: 3 | T80: 45000 | W80: 채경희(하라)
A81: 하라 | B81: 디오트 1층 B-04 | C81: 010-3047-2263 | D81: 010-3047-2263 | E81: S23042 | F81: 젤라또bl [캡소매] | G81: 베이지 | H81: 16000 | I81: 1 | L81: 1 | O81: 1 | S81: 1 | T81: 16000 | W81: 채경희(하라)
A82: 하라 | B82: 디오트 1층 B-04 | C82: 010-3047-2263 | D82: 010-3047-2263 | E82: S23041 | F82: 젤라또bl [캡소매] | G82: 아이 | H82: 16000 | I82: 20 | O82: 0 | Q82: 목밤 | S82: 0 | T82: 0 | W82: 채경희(하라)
A83: 하라 | B83: 디오트 1층 B-04 | C83: 010-3047-2263 | D83: 010-3047-2263 | E83: S23041 | F83: 젤라또bl [캡소매] | G83: 아이 | H83: 16000 | K83: 5 | N83: 5 | O83: 5 | R83: 8/14 더안불량(오염) | S83: 5 | T83: 0 | W83: 채경희(하라)
A84: 하라 | B84: 디오트 1층 B-04 | C84: 010-3047-2263 | D84: 010-3047-2263 | E84: S23041 | F84: 젤라또bl [캡소매] | G84: 아이 | H84: 16000 | K84: 1 | N84: 1 | O84: 1 | R84: 8/18 더안불량(올트임) | S84: 1 | T84: 0 | W84: 채경희(하라)
A85: 하라 | B85: 디오트 1층 B-04 | C85: 010-3047-2263 | D85: 010-3047-2263 | E85: S23041 | F85: 젤라또bl [캡소매] | G85: 아이 | H85: 16000 | K85: 2 | N85: 2 | O85: 2 | R85: 8/18 더안불량(오염) | S85: 2 | T85: 0 | W85: 채경희(하라)
O86: 0 | S86: 0 | T86: 0
A87: 라우라 | B87: 디오트 1층 B-06 | D87: 010-8319-7838 | E87: S18258 | F87: 데일리하프폴라니트 (C) | G87: 소라★2412 | H87: 8000 | K87: 1 | O87: 0 | Q87: 다음주문차감 | R87: 02/12 더안불량 (올나감) | S87: 0 | T87: 0 | W87: (주)도로시클로딩
A88: 라우라 | B88: 디오트 1층 B-06 | D88: 010-8319-7838 | E88: S18257 | F88: 데일리하프폴라니트 (C) | G88: 아이★2501 | H88: 8000 | K88: 1 | O88: 0 | Q88: 다음주문차감 | R88: 02/06 더안불량 (오염) | S88: 0 | T88: 0 | W88: (주)도로시클로딩
O89: 0 | S89: 0 | T89: 0
A90: 더포르투나 | B90: 디오트 1층 B-13 | C90: 010-4084-7778 | D90: 010-4084-7778 | E90: S22587 | F90: d6837pt [와이드] ☆ | G90: 화이트/M ☆2507 | H90: 12500 | K90: 1 | O90: 0 | Q90: 다음주문차감 | R90: 7/31 더안불량(오염) | S90: 0 | T90: 0 | W90: (주)더포르투나
A91: 더포르투나 | B91: 디오트 1층 B-13호 | C91: 010-4084-7778 | D91: 010-4084-7778 | E91: S22582 | F91: d6837pt [와이드] ☆ | G91: 크림/S ☆2507 | H91: 12500 | K91: 1 | O91: 0 | Q91: 다음주문차감 | R91: 8/8 더안불량(세탁 후 기장 짧아짐) | S91: 0 | T91: 0 | W91: (주)더포르투나
A92: 더포르투나 | B92: 디오트 1층 B-13호 | C92: 010-4084-7778 | D92: 010-4084-7778 | E92: S22586 | F92: d6837pt [와이드] ☆ | G92: 화이트/S ☆2507 | H92: 12500 | K92: 1 | O92: 0 | Q92: 다음주문차감 | R92: 8/8 더안불량(세탁 후 기장 짧아짐) | S92: 0 | T92: 0 | W92: (주)더포르투나
O93: 0 | S93: 0 | T93: 0
A94: 아가씨 | B94: 디오트 1층 C-22 | C94: 02-2117-4443 | D94: 010-3410-8422 | E94: S23344 | F94: 벨트bl [반팔] | G94: 검정 | H94: 7000 | I94: 1 | L94: 1 | O94: 1 | S94: 1 | T94: 7000 | W94: 이성현
A95: 아가씨 | B95: 디오트 1층 C-22 | C95: 02-2117-4443 | D95: 010-3410-8422 | E95: S23345 | F95: 벨트bl [반팔] | G95: 먹색 | H95: 7000 | I95: 4 | O95: 0 | Q95: 일밤 | S95: 0 | T95: 0 | W95: 이성현
A96: 아가씨 | B96: 디오트 1층 C-22 | C96: 02-2117-4443 | D96: 010-3410-8422 | E96: S23220 | F96: 투웨이bl [반팔] | G96: 소라 | H96: 9000 | I96: 1 | L96: 1 | O96: 1 | S96: 1 | T96: 9000 | W96: 이성현
A97: 아가씨 | B97: 디오트 1층 C-22 | C97: 02-2117-4443 | D97: 010-3410-8422 | E97: S23222 | F97: 투웨이bl [반팔] | G97: 아이보리 | H97: 9000 | I97: 1 | L97: 1 | O97: 1 | S97: 1 | T97: 9000 | W97: 이성현
O98: 0 | S98: 0 | T98: 0
A99: 룩 | B99: 디오트 1층 D-01 | C99: 02-2117-4111 | D99: 010-3621-1032 | E99: S20159 | F99: 라일라날개소매 [반팔] ▼ | G99: 검정 ▼ | H99: 8700 | I99: 10 | L99: 3 | O99: 3 | S99: 3 | T99: 26100 | W99: 주식회사 룩어패럴
A100: 룩 | B100: 디오트 1층 D-01 | C100: 02-2117-4111 | D100: 010-3621-1032 | E100: S20160 | F100: 라일라날개소매 [반팔] ▼ | G100: 베이지 ▼ | H100: 8700 | I100: 7 | L100: 7 | O100: 7 | S100: 7 | T100: 60900 | W100: 주식회사 룩어패럴
...

Sheet 0819
A1: 가나다란 08/19(화밤) 주문서 | I1: 발주 | L1: 장끼 | O1: 입고 | P1: 차이
A2: 거래처명 | B2: 공급처주소 | C2: 공급처연락처 | D2: 공급처휴대전화 | E2: 상품코드 | F2: 공급처상품명 | G2: 공급처옵션 | H2: 원가 | I2: 신규주문 | J2: 미송 | K2: 교환 | L2: 장끼 | M2: 미송 | N2: 교환 | O2: 주문 | P2: 주문 | Q2: 삼촌 코멘트 | R2: 가나다란 코멘트 | S2: 실입고수 | T2: 오늘입금할금액 | U2: 미송/매입금액 | V2: 입금일 | W2: 공급처예금주
I3: 1373 | J3: 1002 | K3: 158 | L3: 581 | M3: 244 | N3: 12 | O3: 837 | P3: 0 | S3: 837 | T3: 8431600 | U3: 13292500 | V3: 0
Q4: ※ 주문서 작성시 KDG, 제이와이엠, 디피프로젝트 카톡 채널 공유 필수 | S4: 0 | T4: 0
A5: 래래 | B5: 본사반출 | E5: S23304 | F5: 벨트sl | G5: 진베이지/s/롱 | K5: 1 | R5: 08/19 본사반출(코디, 촬영용 - 결제 완료) | S5: 0 | T5: 0 | W5: 김래영（래래（ＲＡＥ
A6: 래래 | B6: 본사반출 | E6: S23312 | F6: 벨트sl | G6: 블랙/s/롱 | K6: 1 | R6: 08/19 본사반출(코디, 촬영용 - 결제 완료) | S6: 0 | T6: 0 | W6: 김래영（래래（ＲＡＥ
A7: 래래 | B7: 본사반출 | E7: S23300 | F7: 벨트sl | G7: 아이/s/롱 | K7: 1 | R7: 08/19 본사반출(코디, 촬영용 - 결제 완료) | S7: 0 | T7: 0 | W7: 김래영（래래（ＲＡＥ
A8: 래래 | B8: 본사반출 | E8: S23308 | F8: 벨트sl | G8: 진그레이/s/롱 | K8: 1 | R8: 08/19 본사반출(코디, 촬영용 - 결제 완료) | S8: 0 | T8: 0 | W8: 김래영（래래（ＲＡＥ
A9: 래래 | B9: 본사반출 | E9: S23316 | F9: 벨트sl | G9: 브라운/s/롱 | K9: 1 | R9: 08/19 본사반출(코디, 촬영용 - 결제 완료) | S9: 0 | T9: 0 | W9: 김래영（래래（ＲＡＥ
A10: 라온 | B10: 본사보유입고 | E10: S22778 | F10: gn01 (벨트X) | G10: 그레이/롱/S | K10: 1 | R10: 08/19 본사보유입고 | S10: 0 | T10: 0 | W10: 박맹길（라온（ＲＡＯ
A11: 라온 | B11: 본사보유입고 | E11: S22772 | F11: gn01 (벨트X) | G11: 블랙/롱/S | K11: 1 | R11: 08/19 본사보유입고 | S11: 0 | T11: 0 | W11: 박맹길（라온（ＲＡＯ
A12: 라온 | B12: 본사보유입고 | E12: S21682 | F12: gn02 (벨트x) | G12: 베이지/롱/S | K12: 1 | R12: 08/19 본사보유입고 | S12: 0 | T12: 0 | W12: 박맹길（라온（ＲＡＯ
A13: 라온 | B13: 본사보유입고 | E13: S21688 | F13: gn02 (벨트x) | G13: 블랙/롱/S | K13: 1 | R13: 08/19 본사보유입고 | S13: 0 | T13: 0 | W13: 박맹길（라온（ＲＡＯ
A14: 라라랜드 | B14: 본사보유입고 | E14: S22068 | F14: 가나다란찰랑와이드 | G14: 베이지/롱/S | K14: 1 | R14: 08/19 본사보유입고 | S14: 0 | T14: 0 | W14: 정지숙
A15: 라라랜드 | B15: 본사보유입고 | E15: S22074 | F15: 가나다란찰랑와이드 | G15: 블랙/롱/S | K15: 1 | R15: 08/19 본사보유입고 | S15: 0 | T15: 0 | W15: 정지숙
A16: 라라랜드 | B16: 본사보유입고 | E16: S21366 | F16: 가나다란무크와이드 | G16: 크림/기본/S | K16: 1 | R16: 08/19 본사보유입고 | S16: 0 | T16: 0 | W16: 정지숙
... A18: 라라랜드 | B18: 본사보유입고 | E18: S21361 | F18: 가나다란무크와이드 | G18: 블랙/롱/S | K18: 1 | R18: 08/19 본사보유입고 | S18: 0 | T18: 0 | W18: 정지숙
T19: 0
A20: 리마인드 | B20: 경기도 고양시 일산동구 지영로 59-2 D동 | C20: 010-3918-2418 | D20: 010-9208-6514 | E20: S16837 | F20: 2420(부츠)sl (C) | G20: 블랙(기본L) | H20: 12000 | I20: 1 | L20: 1 | O20: 1 | S20: 1 | T20: 12000 | W20: （주）디투어패럴
A21: 리마인드 | B21: 경기도 고양시 일산동구 지영로 59-2 D동 | C21: 010-3918-2418 | D21: 010-9208-6514 | E21: S16836 | F21: 2420(부츠)sl (C) | G21: 블랙(기본M) | H21: 12000 | I21: 1 | L21: 1 | O21: 1 | S21: 1 | T21: 12000 | W21: （주）디투어패럴
A22: 리마인드 | B22: 경기도 고양시 일산동구 지영로 59-2 D동 | C22: 010-3918-2418 | D22: 010-9208-6514 | E22: S16835 | F22: 2420(부츠)sl (C) | G22: 블랙(기본S) | H22: 12000 | I22: 1 | L22: 1 | O22: 1 | S22: 1 | T22: 12000 | W22: （주）디투어패럴
A23: 리마인드 | B23: 경기도 고양시 일산동구 지영로 59-2 D동 | C23: 010-3918-2418 | D23: 010-9208-6514 | E23: S16840 | F23: 2420(부츠)sl (C) | G23: 블랙(롱L) | H23: 12000 | I23: 1 | L23: 1 | O23: 1 | S23: 1 | T23: 12000 | W23: （주）디투어패럴
A24: 리마인드 | B24: 경기도 고양시 일산동구 지영로 59-2 D동 | C24: 010-3918-2418 | D24: 010-9208-6514 | E24: S16839 | F24: 2420(부츠)sl (C) | G24: 블랙(롱M) | H24: 12000 | I24: 1 | L24: 1 | O24: 1 | S24: 1 | T24: 12000 | W24: （주）디투어패럴
A25: 리마인드 | B25: 경기도 고양시 일산동구 지영로 59-2 D동 | C25: 010-3918-2418 | D25: 010-9208-6514 | E25: S16834 | F25: 2420(부츠)sl (C) | G25: 블랙(숏L) | H25: 12000 | I25: 1 | L25: 1 | O25: 1 | S25: 1 | T25: 12000 | W25: （주）디투어패럴
A26: 리마인드 | B26: 경기도 고양시 일산동구 지영로 59-2 D동 | C26: 010-3918-2418 | D26: 010-9208-6514 | E26: S16832 | F26: 2420(부츠)sl (C) | G26: 블랙(숏S) | H26: 12000 | I26: 3 | L26: 3 | O26: 3 | S26: 3 | T26: 36000 | W26: （주）디투어패럴
A27: 리마인드 | B27: 경기도 고양시 일산동구 지영로 59-2 D동 | C27: 010-3918-2418 | D27: 010-9208-6514 | E27: S16828 | F27: 2420(부츠)sl (C) | G27: 회색(기본L) | H27: 12000 | I27: 1 | L27: 1 | O27: 1 | S27: 1 | T27: 12000 | W27: （주）디투어패럴
A28: 리마인드 | B28: 경기도 고양시 일산동구 지영로 59-2 D동 | C28: 010-3918-2418 | D28: 010-9208-6514 | E28: S16826 | F28: 2420(부츠)sl (C) | G28: 회색(기본S) | H28: 12000 | I28: 1 | L28: 1 | O28: 1 | S28: 1 | T28: 12000 | W28: （주）디투어패럴
A29: 리마인드 | B29: 경기도 고양시 일산동구 지영로 59-2 D동 | C29: 010-3918-2418 | D29: 010-9208-6514 | E29: S22138 | F29: 4503 [반바지] | G29: 블랙/L | H29: 10000 | I29: 1 | L29: 1 | O29: 1 | S29: 1 | T29: 10000 | W29: （주）디투어패럴
A30: 리마인드 | B30: 경기도 고양시 일산동구 지영로 59-2 D동 | C30: 010-3918-2418 | D30: 010-9208-6514 | E30: S19244 | F30: 5106-5pt [와이드] | G30: 화이트(L,숏) | H30: 13000 | I30: 1 | L30: 1 | O30: 1 | S30: 1 | T30: 13000 | W30: （주）디투어패럴
A31: 리마인드 | B31: 경기도 고양시 일산동구 지영로 59-2 D동 | C31: 010-3918-2418 | D31: 010-9208-6514 | E31: S19243 | F31: 5106-5pt [와이드] | G31: 화이트(M,롱) | H31: 13000 | I31: 3 | L31: 3 | O31: 3 | S31: 3 | T31: 39000 | W31: （주）디투어패럴
... A34: 리마인드 | B34: 경기도 고양시 일산동구 지영로 59-2 D동 | C34: 010-3918-2418 | D34: 010-9208-6514 | E34: S21623 | F34: 5507pt [와이드] | G34: 진청(5507-1)/M | H34: 16000 | I34: 1 | L34: 1 | O34: 1 | S34: 1 | T34: 16000 | W34: （주）디투어패럴
A35: 리마인드 | B35: 경기도 고양시 일산동구 지영로 59-2 D동 | C35: 010-3918-2418 | D35: 010-9208-6514 | E35: S20240 | F35: gn-001 [부츠컷] ☆ | G35: 블랙/M ♡(사이즈별 300장) | H35: 12500 | I35: 5 | O35: 0 | S35: 0 | T35: 0 | W35: （주）디투어패럴
A36: 리마인드 | B36: 경기도 고양시 일산동구 지영로 59-2 D동 | C36: 010-3918-2418 | D36: 010-9208-6514 | E36: S20074 | F36: gn-001 [부츠컷] ☆ | G36: 블랙/S ♡(사이즈별 300장) | H36: 12500 | I36: 5 | O36: 0 | S36: 0 | T36: 0 | W36: （주）디투어패럴
A37: 리마인드 | B37: 경기도 고양시 일산동구 지영로 59-2 D동 | C37: 010-3918-2418 | D37: ` | E37: S16800 | F37: 2420(부츠)sl (C) | G37: 아이보리(기본M) | H37: 12000 | K37: 1 | O37: 0 | R37: 8/13 더안불량(오염) | S37: 0 | T37: 0 | W37: （주）디투어패럴
A38: 리마인드 | B38: 경기도 고양시 일산동구 지영로 59-2 D동 | C38: 010-3918-2418 | D38: 010-9208-6514 | E38: S22136 | F38: 4503 [반바지] | G38: 블랙/S | H38: 10000 | K38: 1 | O38: 0 | R38: 8/18 더안불량(양쪽길이 다름) | S38: 0 | T38: 0 | W38: （주）디투어패럴
A39: 리마인드 | B39: 경기도 고양시 일산동구 지영로 59-2 D동 | C39: 010-3918-2418 | D39: 010-9208-6514 | E39: S22131 | F39: 4503 [반바지] | G39: 아이보리/M | H39: 10000 | K39: 1 | O39: 0 | R39: 8/18 더안불량(오염) | S39: 0 | T39: 0 | W39: （주）디투어패럴
A40: 리마인드 | B40: 경기도 고양시 일산동구 지영로 59-2 D동 | C40: 010-3918-2418 | D40: 010-9208-6514 | E40: S19666 | F40: 5100-3pt [부츠컷] | G40: 연청/M | H40: 14000 | K40: 1 | O40: 0 | R40: 8/6 더안불량(오입고) | S40: 0 | T40: 0 | W40: （주）디투어패럴
A41: 리마인드 | B41: 경기도 고양시 일산동구 지영로 59-2 D동 | C41: 010-3918-2418 | D41: 010-9208-6514 | E41: S19241 | F41: 5106-5pt [와이드] | G41: 화이트(S,롱) | H41: 13000 | K41: 1 | O41: 0 | R41: 8/18 더안불량(오염) | S41: 0 | T41: 0 | W41: （주）디투어패럴
A42: 리마인드 | B42: 경기도 고양시 일산동구 지영로 59-2 D동 | C42: 010-3918-2418 | D42: 010-9208-6514 | E42: S19240 | F42: 5106-5pt [와이드] | G42: 화이트(S,숏) | H42: 13000 | K42: 1 | O42: 0 | R42: 8/18 더안불량(오염) | S42: 0 | T42: 0 | W42: （주）디투어패럴
A43: 리마인드 | B43: 경기도 고양시 일산동구 지영로 59-2 D동 | C43: 010-3918-2418 | D43: 010-9208-6514 | E43: S22018 | F43: 5412nt [반팔] | G43: 베이지 | H43: 11000 | K43: 1 | O43: 0 | R43: 8/14 더안불량(앞면 오염) | S43: 0 | T43: 0 | W43: （주）디투어패럴
O44: 0 | S44: 0 | T44: 0
A45: 예삐박스 | B45: 남평화 3층 136 | C45: 010-5778-9084 | D45: 010-5778-9084 | E45: S22469 | F45: 여신하트라인골지캡소매티 [캡소매] | G45: 베이지 | H45: 6000 | I45: 1 | O45: 0 | Q45: 목밤 | S45: 0 | T45: 0 | W45: 김민
A46: 예삐박스 | B46: 남평화 3층 136 | C46: 010-5778-9084 | D46: 010-5778-9084 | E46: S22471 | F46: 여신하트라인골지캡소매티 [캡소매] | G46: 블랙 | H46: 6000 | I46: 3 | O46: 0 | Q46: 목밤 | S46: 0 | T46: 0 | W46: 김민
A47: 예삐박스 | B47: 남평화 3층 136 | C47: 010-5778-9084 | D47: 010-5778-9084 | E47: S22469 | F47: 여신하트라인골지캡소매티 [캡소매] | G47: 베이지 | H47: 6000 | K47: 1 | O47: 0 | R47: 8/19 더안불량(오염) | S47: 0 | T47: 0 | W47: 김민
O48: 0 | S48: 0 | T48: 0
A49: 리머블 | B49: 남평화 지하 1층 B-14 | C49: 010-7761-8021 | D49: 010-7761-8021 | E49: S22866 | F49: 8900 [가방] | G49: 블랙 | H49: 13000 | I49: 1 | L49: 1 | O49: 1 | S49: 1 | T49: 13000 | W49: 정자영(리머블)
A50: 리머블 | B50: 남평화 지하 1층 B-14 | C50: 010-7761-8021 | D50: 010-7761-8021 | E50: S22867 | F50: 8900 [가방] | G50: 화이트 | H50: 13000 | I50: 2 | O50: 0 | Q50: 목밤 | S50: 0 | T50: 0 | W50: 정자영(리머블)
O51: 0 | S51: 0 | T51: 0
A52: 언니제이 | B52: 누죤 1층 517 | C52: 010-7546-5171 | D52: 010-7546-5171 | E52: S22607 | F52: 1160밀키코튼블라우스 [반팔] | G52: 소라 | H52: 11000 | I52: 1 | O52: 0 | Q52: 미송-1 | R52: 일밤 | S52: 0 | T52: 11000 | W52: 고연정
O53: 0 | S53: 0 | T53: 0
A54: 슬로그(누죤) | B54: 누죤 3층 429 | C54: 010-8780-0823 | D54: 010-8780-0823 | E54: S20514 | F54: 그웬시스루니트 [반팔] | G54: 검정 | H54: 14000 | I54: 1 | L54: 1 | O54: 1 | S54: 1 | T54: 14000 | W54: 윤상원
A55: 슬로그(누죤) | B55: 누죤 3층 429 | C55: 010-8780-0823 | D55: 010-8780-0823 | E55: S20984 | F55: 네스v넥 [반팔] | G55: 차콜 | H55: 14000 | I55: 1 | L55: 1 | O55: 1 | S55: 1 | T55: 14000 | W55: 윤상원
A56: 슬로그(누죤) | B56: 누죤 3층 429 | C56: 010-8780-0823 | D56: 010-8780-0823 | E56: S20985 | F56: 네스v넥 [반팔] | G56: 크림 | H56: 14000 | I56: 1 | L56: 1 | O56: 1 | S56: 1 | T56: 14000 | W56: 윤상원
A57: 슬로그(누죤) | B57: 누죤 3층 429 | C57: 010-8780-0823 | D57: 010-8780-0823 | E57: S20773 | F57: 빌리프골지카라니트 [반팔] | G57: 크림 | H57: 15000 | I57: 5 | L57: 5 | O57: 5 | S57: 5 | T57: 75000 | W57: 윤상원
O58: 0 | S58: 0 | T58: 0
A59: 페이브 | B59: 누죤 4층 605 | C59: 010-3917-9639 | D59: 010-3917-9639 | E59: S18729 | F59: 투미목걸이 | G59: 실버 | H59: 4000 | I59: 50 | L59: 21 | O59: 21 | Q59: 나머지 수밤 | S59: 21 | T59: 84000 | W59: 이나은(페이브)
A60: 페이브 | B60: 누죤 4층 605 | C60: 010-3917-9639 | D60: 010-3917-9639 | E60: S18729 | F60: 투미목걸이 | G60: 실버 | H60: 4000 | K60: 1 | N60: 1 | O60: 1 | R60: 7/31 더안불량(후크불량) | S60: 1 | T60: 0 | W60: 이나은(페이브)
O61: 0 | S61: 0 | T61: 0
A62: 두유 | B62: 디오트 1층 A-01 | C62: 010-6691-8676 | D62: 010-6691-8676 | E62: S22457 | F62: 리틀셔링반팔티 [반팔] | G62: 소라 | H62: 6000 | I62: 3 | O62: 0 | Q62: 다음주중 | S62: 0 | T62: 0 | W62: 주식회사 두유
A63: 두유 | B63: 디오트 1층 A-01 | C63: 010-6691-8676 | D63: 010-6691-8676 | E63: S22458 | F63: 리틀셔링반팔티 [반팔] | G63: 아이 | H63: 6000 | I63: 3 | L63: 3 | O63: 3 | S63: 3 | T63: 18000 | W63: 주식회사 두유
A64: 두유 | B64: 디오트 1층 A-01 | C64: 010-6691-8676 | D64: 010-6691-8676 | E64: S22458 | F64: 리틀셔링반팔티 [반팔] | G64: 아이 | H64: 6000 | K64: 1 | O64: 0 | R64: 8/20 더안불량(올풀림) | S64: 0 | T64: 0 | W64: 주식회사 두유
A65: 두유 | B65: 디오트 1층 A-01 | C65: 010-6691-8676 | D65: 010-6691-8676 | E65: S22458 | F65: 리틀셔링반팔티 [반팔] | G65: 아이 | H65: 6000 | K65: 1 | O65: 0 | R65: 8/20 더안불량(재봉불량) | S65: 0 | T65: 0 | W65: 주식회사 두유
O66: 0 | S66: 0 | T66: 0
A67: 나루 | B67: 디오트 1층 A-11 | C67: 02-2117-8051 | D67: 010-5621-8051 | E67: S21595 | F67: 포켓셔츠나시세트 [끈나시셔츠set] | G67: 아이보리 | H67: 10000 | K67: 1 | O67: 0 | Q67: 다음주문차감 | R67: 8/14 더안불량(오염) | S67: 0 | T67: 0 | W67: 주식회사 터프나루
O68: 0 | S68: 0 | T68: 0
A69: 제니퍼 | B69: 디오트 1층 A-19 | C69: 010-2207-9789 | D69: 010-2207-9789 | E69: S21405 | F69: 골지단추u넥반팔nt [반팔] | G69: 베이지 | H69: 6000 | I69: 5 | L69: 5 | O69: 5 | S69: 5 | T69: 30000 | W69: 김미애(제니퍼)
A70: 제니퍼 | B70: 디오트 1층 A-19 | C70: 010-2207-9789 | D70: 010-2207-9789 | E70: S22355 | F70: 니퍼랩 [캡소매] | G70: 밤색 | H70: 9000 | I70: 1 | L70: 1 | O70: 1 | S70: 1 | T70: 9000 | W70: 김미애(제니퍼)
A71: 제니퍼 | B71: 디오트 1층 A-19 | C71: 010-2207-9789 | D71: 010-2207-9789 | E71: S22347 | F71: 쁘띠반팔 [반팔] | G71: 연회색 | H71: 10000 | I71: 1 | L71: 1 | O71: 1 | S71: 1 | T71: 10000 | W71: 김미애(제니퍼)
A72: 제니퍼 | B72: 디오트 1층 A-19 | C72: 010-2207-9789 | D72: 010-2207-9789 | E72: S22845 | F72: 치크사선r [반팔] | G72: 곤색 | H72: 12000 | I72: 2 | L72: 1 | O72: 1 | Q72: 나머지 수밤 | S72: 1 | T72: 12000 | W72: 김미애(제니퍼)
O73: 0 | S73: 0 | T73: 0
A74: 딥 | B74: 디오트 1층 A-20 | C74: 02-2253-6681 | D74: 010-9174-5512 | E74: S22636 | F74: 5560 [와이드] | G74: 검정/S | H74: 15000 | I74: 1 | L74: 1 | O74: 1 | S74: 1 | T74: 15000 | W74: （주）디씨패밀리
A75: 딥 | B75: 디오트 1층 A-20 | C75: 02-2253-6681 | D75: 010-9174-5512 | E75: S22639 | F75: 5560 [와이드] | G75: 아이보리/S | H75: 15000 | K75: 1 | O75: 0 | Q75: 다음주문차감 | R75: 8/18 더안불량(올트임,실밥미처리) | S75: 0 | T75: 0 | W75: （주）디씨패밀리
O76: 0 | S76: 0 | T76: 0
A77: 하라 | B77: 디오트 1층 B-04 | C77: 010-3047-2263 | D77: 010-3047-2263 | E77: S23233 | F77: 블레스나시 [캡소매] | G77: 검정 | H77: 15000 | I77: 1 | L77: 1 | O77: 1 | S77: 1 | T77: 15000 | W77: 채경희(하라)
A78: 하라 | B78: 디오트 1층 B-04 | C78: 010-3047-2263 | D78: 010-3047-2263 | E78: S23235 | F78: 블레스나시 [캡소매] | G78: 크림 | H78: 15000 | I78: 5 | L78: 5 | O78: 5 | S78: 5 | T78: 75000 | W78: 채경희(하라)
A79: 하라 | B79: 디오트 1층 B-04 | C79: 010-3047-2263 | D79: 010-3047-2263 | E79: S23040 | F79: 젤라또bl [캡소매] | G79: 검정 | H79: 16000 | I79: 5 | L79: 5 | O79: 5 | S79: 5 | T79: 80000 | W79: 채경희(하라)
A80: 하라 | B80: 디오트 1층 B-04 | C80: 010-3047-2263 | D80: 010-3047-2263 | E80: S23042 | F80: 젤라또bl [캡소매] | G80: 베이지 | H80: 16000 | I80: 1 | L80: 1 | O80: 1 | S80: 1 | T80: 16000 | W80: 채경희(하라)
A81: 하라 | B81: 디오트 1층 B-04 | C81: 010-3047-2263 | D81: 010-3047-2263 | E81: S23041 | F81: 젤라또bl [캡소매] | G81: 아이 | H81: 16000 | K81: 5 | O81: 0 | Q81: 수밤 | R81: 8/14 더안불량(오염) | S81: 0 | T81: 0 | W81: 채경희(하라)
A82: 하라 | B82: 디오트 1층 B-04 | C82: 010-3047-2263 | D82: 010-3047-2263 | E82: S23041 | F82: 젤라또bl [캡소매] | G82: 아이 | H82: 16000 | K82: 1 | O82: 0 | Q82: 수밤 | R82: 8/18 더안불량(올트임) | S82: 0 | T82: 0 | W82: 채경희(하라)
A83: 하라 | B83: 디오트 1층 B-04 | C83: 010-3047-2263 | D83: 010-3047-2263 | E83: S23041 | F83: 젤라또bl [캡소매] | G83: 아이 | H83: 16000 | K83: 2 | O83: 0 | Q83: 수밤 | R83: 8/18 더안불량(오염) | S83: 0 | T83: 0 | W83: 채경희(하라)
O84: 0 | S84: 0 | T84: 0
A85: 라우라 | B85: 디오트 1층 B-06 | D85: 010-8319-7838 | E85: S18258 | F85: 데일리하프폴라니트 (C) | G85: 소라★2412 | H85: 8000 | K85: 1 | O85: 0 | Q85: 다음주문차감 | R85: 02/12 더안불량 (올나감) | S85: 0 | T85: 0 | W85: (주)도로시클로딩
A86: 라우라 | B86: 디오트 1층 B-06 | D86: 010-8319-7838 | E86: S18257 | F86: 데일리하프폴라니트 (C) | G86: 아이★2501 | H86: 8000 | K86: 1 | O86: 0 | Q86: 다음주문차감 | R86: 02/06 더안불량 (오염) | S86: 0 | T86: 0 | W86: (주)도로시클로딩
O87: 0 | S87: 0 | T87: 0
A88: 더포르투나 | B88: 디오트 1층 B-13 | C88: 010-4084-7778 | D88: 010-4084-7778 | E88: S22587 | F88: d6837pt [와이드] ☆ | G88: 화이트/M ☆2507 | H88: 12500 | K88: 1 | O88: 0 | Q88: 다음주문차감 | R88: 7/31 더안불량(오염) | S88: 0 | T88: 0 | W88: (주)더포르투나
A89: 더포르투나 | B89: 디오트 1층 B-13호 | C89: 010-4084-7778 | D89: 010-4084-7778 | F89: 샘플픽업 | O89: 0 | Q89: OK | S89: 0 | T89: 0 | W89: (주)더포르투나
A90: 더포르투나 | B90: 디오트 1층 B-13호 | C90: 010-4084-7778 | D90: 010-4084-7778 | E90: S22582 | F90: d6837pt [와이드] ☆ | G90: 크림/S ☆2507 | H90: 12500 | K90: 1 | O90: 0 | Q90: 다음주문차감 | R90: 8/8 더안불량(세탁 후 기장 짧아짐) | S90: 0 | T90: 0 | W90: (주)더포르투나
A91: 더포르투나 | B91: 디오트 1층 B-13호 | C91: 010-4084-7778 | D91: 010-4084-7778 | E91: S22586 | F91: d6837pt [와이드] ☆ | G91: 화이트/S ☆2507 | H91: 12500 | K91: 1 | O91: 0 | Q91: 다음주문차감 | R91: 8/8 더안불량(세탁 후 기장 짧아짐) | S91: 0 | T91: 0 | W91: (주)더포르투나
O92: 0 | S92: 0 | T92: 0
A93: 아가씨 | B93: 디오트 1층 C-22 | C93: 02-2117-4443 | D93: 010-3410-8422 | E93: S23344 | F93: 벨트bl [반팔] | G93: 검정 | H93: 7000 | I93: 3 | L93: 3 | O93: 3 | S93: 3 | T93: 21000 | W93: 이성현
A94: 아가씨 | B94: 디오트 1층 C-22 | C94: 02-2117-4443 | D94: 010-3410-8422 | E94: S23345 | F94: 벨트bl [반팔] | G94: 먹색 | H94: 7000 | I94: 7 | O94: 0 | Q94: 수밤 | S94: 0 | T94: 0 | W94: 이성현
A95: 아가씨 | B95: 디오트 1층 C-22 | C95: 02-2117-4443 | D95: 010-3410-8422 | E95: S23220 | F95: 투웨이bl [반팔] | G95: 소라 | H95: 9000 | I95: 2 | L95: 2 | O95: 2 | S95: 2 | T95: 18000 | W95: 이성현
O96: 0 | S96: 0 | T96: 0
A97: 룩 | B97: 디오트 1층 D-01 | C97: 02-2117-4111 | D97: 010-3621-1032 | E97: S20160 | F97: 라일라날개소매 [반팔] ▼ | G97: 베이지 ▼ | H97: 8700 | I97: 1 | L97: 1 | O97: 1 | S97: 1 | T97: 8700 | W97: 주식회사 룩어패럴
A98: 룩 | B98: 디오트 1층 D-01 | C98: 02-2117-4111 | D98: 010-3621-1032 | E98: S20161 | F98: 라일라날개소매 [반팔] ▼ | G98: 소라 ▼ | H98: 8700 | I98: 3 | L98: 3 | O98: 3 | S98: 3 | T98: 26100 | W98: 주식회사 룩어패럴
A99: 룩 | B99: 디오트 1층 D-01 | C99: 02-2117-4111 | D99: 010-3621-1032 | E99: S20162 | F99: 라일라날개소매 [반팔] ▼ | G99: 아이 ▼ | H99: 8700 | I99: 5 | L99: 5 | O99: 5 | S99: 5 | T99: 43500 | W99: 주식회사 룩어패럴
A100: 룩 | B100: 디오트 1층 D-01 | C100: 02-2117-4111 | D100: 010-3621-1032 | E100: S20164 | F100: 라일라날개소매 [반팔] ▼ | G100: 회색 ▼ | H100: 8700 | I100: 10 | L100: 10 | O100: 10 | S100: 10 | T100: 87000 | W100: 주식회사 룩어패럴
A101: 룩 | B101: 디오트 1층 D-01 | C101: 02-2117-4111 | D101: 010-3621-1032 | E101: S22008 | F101: 살랑단가라cd [반팔] | G101: 아이보리 | H101: 13000 | I101: 5 | L101: 5 | O101: 5 | S101: 5 | T101: 65000 | W101: 주식회사 룩어패럴
A102: 룩 | B102: 디오트 1층 D-01 | C102: 02-2117-4111 | D102: 010-3621-1032 | E102: S21822 | F102: 셀렌투버튼cd [긴팔] | G102: 곤색 | H102: 13000 | I102: 3 | L102: 3 | O102: 3 | S102: 3 | T102: 39000 | W102: 주식회사 룩어패럴
A103: 룩 | B103: 디오트 1층 D-01 | C103: 02-2117-4111 | D103: 010-3621-1032 | E103: S21823 | F103: 셀렌투버튼cd [긴팔] | G103: 아이 | H103: 13000 | I103: 2 | L103: 2 | O103: 2 | S103: 2 | T103: 26000 | W103: 주식회사 룩어패럴
...

Sheet 0818
A1: 가나다란 08/18(월밤) 주문서 | I1: 발주 | L1: 장끼 | O1: 입고 | P1: 차이
A2: 거래처명 | B2: 공급처주소 | C2: 공급처연락처 | D2: 공급처휴대전화 | E2: 상품코드 | F2: 공급처상품명 | G2: 공급처옵션 | H2: 원가 | I2: 신규주문 | J2: 미송 | K2: 교환 | L2: 장끼 | M2: 미송 | N2: 교환 | O2: 주문 | P2: 주문 | Q2: 삼촌 코멘트 | R2: 가나다란 코멘트 | S2: 실입고수 | T2: 오늘입금할금액 | U2: 미송/매입금액 | V2: 입금일 | W2: 공급처예금주
I3: 1658 | J3: 1566 | K3: 174 | L3: 835 | M3: 727 | N3: 35 | O3: 1597 | P3: 0 | S3: 1597 | T3: 12326800 | U3: 20901500 | V3: 0
Q4: ※ 주문서 작성시 KDG, 제이와이엠, 디피프로젝트 카톡 채널 공유 필수 | S4: 0 | T4: 0
T5: 0
A6: 리마인드 | B6: 경기도 고양시 일산동구 지영로 59-2 D동 | C6: 010-3918-2418 | D6: 010-9208-6514 | E6: S16809 | F6: 2420(부츠)sl (C) | G6: 베이지(기본M) | H6: 12000 | I6: 1 | L6: 1 | O6: 1 | S6: 1 | T6: 12000 | W6: （주）디투어패럴
A7: 리마인드 | B7: 경기도 고양시 일산동구 지영로 59-2 D동 | C7: 010-3918-2418 | D7: 010-9208-6514 | E7: S16836 | F7: 2420(부츠)sl (C) | G7: 블랙(기본M) | H7: 12000 | I7: 2 | L7: 2 | O7: 2 | S7: 2 | T7: 24000 | W7: （주）디투어패럴
A8: 리마인드 | B8: 경기도 고양시 일산동구 지영로 59-2 D동 | C8: 010-3918-2418 | D8: 010-9208-6514 | E8: S16838 | F8: 2420(부츠)sl (C) | G8: 블랙(롱S) | H8: 12000 | I8: 2 | L8: 2 | O8: 2 | S8: 2 | T8: 24000 | W8: （주）디투어패럴
A9: 리마인드 | B9: 경기도 고양시 일산동구 지영로 59-2 D동 | C9: 010-3918-2418 | D9: 010-9208-6514 | E9: S16800 | F9: 2420(부츠)sl (C) | G9: 아이보리(기본M) | H9: 12000 | I9: 1 | L9: 1 | O9: 1 | S9: 1 | T9: 12000 | W9: （주）디투어패럴
A10: 리마인드 | B10: 경기도 고양시 일산동구 지영로 59-2 D동 | C10: 010-3918-2418 | D10: 010-9208-6514 | E10: S16799 | F10: 2420(부츠)sl (C) | G10: 아이보리(기본S) | H10: 12000 | I10: 1 | L10: 1 | O10: 1 | S10: 1 | T10: 12000 | W10: （주）디투어패럴
A11: 리마인드 | B11: 경기도 고양시 일산동구 지영로 59-2 D동 | C11: 010-3918-2418 | D11: 010-9208-6514 | E11: S22135 | F11: 4503 [반바지] | G11: 베이지/L | H11: 10000 | I11: 2 | L11: 2 | O11: 2 | S11: 2 | T11: 20000 | W11: （주）디투어패럴
A12: 리마인드 | B12: 경기도 고양시 일산동구 지영로 59-2 D동 | C12: 010-3918-2418 | D12: 010-9208-6514 | E12: S22138 | F12: 4503 [반바지] | G12: 블랙/L | H12: 10000 | I12: 3 | L12: 3 | O12: 3 | S12: 3 | T12: 30000 | W12: （주）디투어패럴
A13: 리마인드 | B13: 경기도 고양시 일산동구 지영로 59-2 D동 | C13: 010-3918-2418 | D13: 010-9208-6514 | E13: S18814 | F13: 5007pt [부츠컷] | G13: 중청(L) | H13: 15000 | I13: 1 | L13: 1 | O13: 1 | S13: 1 | T13: 15000 | W13: （주）디투어패럴
A14: 리마인드 | B14: 경기도 고양시 일산동구 지영로 59-2 D동 | C14: 010-3918-2418 | D14: 010-9208-6514 | E14: S19667 | F14: 5100-3pt [부츠컷] | G14: 연청/L | H14: 14000 | I14: 2 | L14: 2 | O14: 2 | S14: 2 | T14: 28000 | W14: （주）디투어패럴
A15: 리마인드 | B15: 경기도 고양시 일산동구 지영로 59-2 D동 | C15: 010-3918-2418 | D15: 010-9208-6514 | E15: S19666 | F15: 5100-3pt [부츠컷] | G15: 연청/M | H15: 14000 | I15: 1 | L15: 1 | O15: 1 | S15: 1 | T15: 14000 | W15: （주）디투어패럴
A16: 리마인드 | B16: 경기도 고양시 일산동구 지영로 59-2 D동 | C16: 010-3918-2418 | D16: 010-9208-6514 | E16: S19665 | F16: 5100-3pt [부츠컷] | G16: 연청/S | H16: 14000 | I16: 1 | L16: 1 | O16: 1 | S16: 1 | T16: 14000 | W16: （주）디투어패럴
A17: 리마인드 | B17: 경기도 고양시 일산동구 지영로 59-2 D동 | C17: 010-3918-2418 | D17: 010-9208-6514 | E17: S19243 | F17: 5106-5pt [와이드] | G17: 화이트(M,롱) | H17: 13000 | I17: 1 | L17: 1 | O17: 1 | S17: 1 | T17: 13000 | W17: （주）디투어패럴
... A19: 리마인드 | B19: 경기도 고양시 일산동구 지영로 59-2 D동 | C19: 010-3918-2418 | D19: 010-9208-6514 | E19: S21623 | F19: 5507pt [와이드] | G19: 진청(5507-1)/M | H19: 16000 | I19: 1 | L19: 1 | O19: 1 | S19: 1 | T19: 16000 | W19: （주）디투어패럴
A20: 리마인드 | B20: 경기도 고양시 일산동구 지영로 59-2 D동 | C20: 010-3918-2418 | D20: 010-9208-6514 | E20: S16800 | F20: 2420(부츠)sl (C) | G20: 아이보리(기본M) | H20: 12000 | K20: 1 | O20: 0 | R20: 8/13 더안불량(오염) | S20: 0 | T20: 0 | W20: （주）디투어패럴
A21: 리마인드 | B21: 경기도 고양시 일산동구 지영로 59-2 D동 | C21: 010-3918-2418 | D21: T | E21: S19666 | F21: 5100-3pt [부츠컷] | G21: 연청/M | H21: 14000 | K21: 1 | O21: 0 | R21: 8/6 더안불량(오입고) | S21: 0 | T21: 0 | W21: （주）디투어패럴
A22: 리마인드 | B22: 경기도 고양시 일산동구 지영로 59-2 D동 | C22: 010-3918-2418 | D22: 010-9208-6514 | E22: S22018 | F22: 5412nt [반팔] | G22: 베이지 | H22: 11000 | K22: 1 | O22: 0 | R22: 8/14 더안불량(앞면 오염) | S22: 0 | T22: 0 | W22: （주）디투어패럴
A23: 리마인드 | B23: 경기도 고양시 일산동구 지영로 59-2 D동 | C23: 010-3918-2418 | D23: 010-9208-6514 | E23: S22136 | F23: 4503 [반바지] | G23: 블랙/S | H23: 10000 | K23: 1 | O23: 0 | R23: 8/18 더안불량(양쪽길이 다름) | S23: 0 | T23: 0 | W23: （주）디투어패럴
A24: 리마인드 | B24: 경기도 고양시 일산동구 지영로 59-2 D동 | C24: 010-3918-2418 | D24: 010-9208-6514 | E24: S22131 | F24: 4503 [반바지] | G24: 아이보리/M | H24: 10000 | K24: 1 | O24: 0 | R24: 8/18 더안불량(오염) | S24: 0 | T24: 0 | W24: （주）디투어패럴
A25: 리마인드 | B25: 경기도 고양시 일산동구 지영로 59-2 D동 | C25: 010-3918-2418 | D25: 010-9208-6514 | E25: S19241 | F25: 5106-5pt [와이드] | G25: 화이트(S,롱) | H25: 13000 | K25: 1 | O25: 0 | R25: 8/18 더안불량(오염) | S25: 0 | T25: 0 | W25: （주）디투어패럴
A26: 리마인드 | B26: 경기도 고양시 일산동구 지영로 59-2 D동 | C26: 010-3918-2418 | D26: 010-9208-6514 | E26: S19240 | F26: 5106-5pt [와이드] | G26: 화이트(S,숏) | H26: 13000 | K26: 1 | O26: 0 | R26: 8/18 더안불량(오염) | S26: 0 | T26: 0 | W26: （주）디투어패럴
O27: 0 | S27: 0 | T27: 0
A28: KDG(부가세) | B28: 경기도 용인시 처인구 포곡읍 둔전로 49 | C28: 010-5818-0264 | D28: 010-5818-0264 | E28: S22534 | F28: 4081-1pt [부츠컷] | G28: 흑청/M/기본 | H28: 12500 | I28: 1 | L28: 1 | O28: 1 | S28: 1 | T28: 12500 | W28: 케이디지
A29: KDG(부가세) | B29: 경기도 용인시 처인구 포곡읍 둔전로 49 | C29: 010-5818-0264 | D29: 010-5818-0264 | E29: S22532 | F29: 4081-1pt [부츠컷] | G29: 흑청/S/롱 | H29: 12500 | I29: 1 | L29: 1 | O29: 1 | S29: 1 | T29: 12500 | W29: 케이디지
A30: KDG(부가세) | B30: 경기도 용인시 처인구 포곡읍 둔전로 49 | C30: 010-5818-0264 | D30: 010-5818-0264 | O30: 0 | R30: 08/19 부가세 | S30: 0 | T30: 2500 | W30: 케이디지
O31: 0 | S31: 0 | T31: 0
A32: 예삐박스 | B32: 남평화 3층 136 | C32: 010-5778-9084 | D32: 010-5778-9084 | E32: S22469 | F32: 여신하트라인골지캡소매티 [캡소매] | G32: 베이지 | H32: 6000 | I32: 1 | L32: 1 | O32: 1 | S32: 1 | T32: 6000 | W32: 김민
A33: 예삐박스 | B33: 남평화 3층 136 | C33: 010-5778-9084 | D33: 010-5778-9084 | E33: S22471 | F33: 여신하트라인골지캡소매티 [캡소매] | G33: 블랙 | H33: 6000 | I33: 4 | O33: 0 | Q33: 목밤 | S33: 0 | T33: 0 | W33: 김민
A34: 예삐박스 | B34: 남평화 3층 136 | D34: 010-5778-9084 | E34: S22471 | F34: 여신하트라인골지캡소매티 [캡소매] | G34: 블랙 | H34: 6000 | K34: 1 | O34: 0 | Q34: 차감함 | R34: 8/7 더안불량(올 풀림) | S34: 0 | T34: -6000 | W34: 김민
A35: 예삐박스 | B35: 남평화 3층 136 | C35: 010-5778-9084 | D35: 010-5778-9084 | E35: S22469 | F35: 여신하트라인골지캡소매티 [캡소매] | G35: 베이지 | H35: 6000 | K35: 1 | O35: 0 | R35: 8/19 더안불량(오염) | S35: 0 | T35: 0 | W35: 김민
O36: 0 | S36: 0 | T36: 0
A37: 리머블 | B37: 남평화 지하 1층 B-14 | C37: 010-7761-8021 | D37: 010-7761-8021 | E37: S22866 | F37: 8900 [가방] | G37: 블랙 | H37: 13000 | I37: 1 | O37: 0 | Q37: 화밤 | S37: 0 | T37: 0 | W37: 정자영(리머블)
A38: 리머블 | B38: 남평화 지하 1층 B-14 | C38: 010-7761-8021 | D38: 010-7761-8021 | E38: S22867 | F38: 8900 [가방] | G38: 화이트 | H38: 13000 | I38: 2 | O38: 0 | Q38: 목밤 | S38: 0 | T38: 0 | W38: 정자영(리머블)
O39: 0 | S39: 0 | T39: 0
A40: 슬로그(누죤) | B40: 누죤 3층 429 | C40: 010-8780-0823 | D40: 010-8780-0823 | E40: S20770 | F40: 빌리프골지카라니트 [반팔] | G40: 검정 | H40: 15000 | I40: 2 | L40: 2 | O40: 2 | S40: 2 | T40: 30000 | W40: 윤상원
A41: 슬로그(누죤) | B41: 누죤 3층 429 | C41: 010-8780-0823 | D41: 010-8780-0823 | E41: S20771 | F41: 빌리프골지카라니트 [반팔] | G41: 멜란지 | H41: 15000 | I41: 2 | L41: 2 | O41: 2 | S41: 2 | T41: 30000 | W41: 윤상원
A42: 슬로그(누죤) | B42: 누죤 3층 429 | C42: 010-8780-0823 | D42: 010-8780-0823 | E42: S20773 | F42: 빌리프골지카라니트 [반팔] | G42: 크림 | H42: 15000 | I42: 1 | L42: 1 | O42: 1 | S42: 1 | T42: 15000 | W42: 윤상원
A43: 슬로그(누죤) | B43: 누죤 3층 429 | C43: 010-8780-0823 | D43: 010-8780-0823 | E43: S21856 | F43: 오클리줄지라운드 [반팔] | G43: 곤아 | H43: 15000 | K43: 1 | O43: 0 | Q43: 차감함 | R43: 8/8 더안불량(어꺠 올나감) | S43: 0 | T43: -15000 | W43: 윤상원
A44: 슬로그(누죤) | B44: 누죤 3층 429 | C44: 010-8780-0823 | D44: 010-8780-0823 | E44: S21032 | F44: 카라배색빌리프 [반팔] | G44: 네이비 | H44: 15000 | K44: 1 | O44: 0 | Q44: 차감함 | R44: 8/6 더안불량(단추 색상다름) | S44: 0 | T44: -15000 | W44: 윤상원
O45: 0 | S45: 0 | T45: 0
A46: 페이브 | B46: 누죤 4층 605 | C46: 010-3917-9639 | D46: 010-3917-9639 | E46: S18729 | F46: 투미목걸이 | G46: 실버 | H46: 4000 | I46: 10 | O46: 0 | Q46: 화밤 | S46: 0 | T46: 0 | W46: 이나은(페이브)
A47: 페이브 | B47: 누죤 4층 605 | C47: 010-3917-9639 | D47: 010-3917-9639 | E47: S18729 | F47: 투미목걸이 | G47: 실버 | H47: 4000 | K47: 1 | O47: 0 | Q47: 화밤 | R47: 7/31 더안불량(후크불량) | S47: 0 | T47: 0 | W47: 이나은(페이브)
O48: 0 | S48: 0 | T48: 0
A49: 두유 | B49: 디오트 1층 A-01 | C49: 010-6691-8676 | D49: 010-6691-8676 | E49: S22455 | F49: 리틀셔링반팔티 [반팔] | G49: 검정 | H49: 6000 | I49: 20 | L49: 20 | O49: 20 | S49: 20 | T49: 120000 | W49: 주식회사 두유
A50: 두유 | B50: 디오트 1층 A-01 | C50: 010-6691-8676 | D50: 010-6691-8676 | E50: S22457 | F50: 리틀셔링반팔티 [반팔] | G50: 소라 | H50: 6000 | I50: 2 | O50: 0 | Q50: 다음주중 | S50: 0 | T50: 0 | W50: 주식회사 두유
A51: 두유 | B51: 디오트 1층 A-01 | C51: 010-6691-8676 | D51: 010-6691-8676 | E51: S22458 | F51: 리틀셔링반팔티 [반팔] | G51: 아이 | H51: 6000 | I51: 35 | L51: 35 | O51: 35 | S51: 35 | T51: 210000 | W51: 주식회사 두유
A52: 두유 | B52: 디오트 1층 A-01 | C52: 010-6691-8676 | D52: 010-6691-8676 | E52: S22458 | F52: 리틀셔링반팔티 [반팔] | G52: 아이 | H52: 6000 | K52: 2 | N52: 2 | O52: 2 | R52: 8/13 더안불량(오염, 소매 뜯어짐) | S52: 2 | T52: 0 | W52: 주식회사 두유
A53: 두유 | B53: 디오트 1층 A-01 | C53: 010-6691-8676 | D53: 010-6691-8676 | E53: S20155 | F53: 실루엣브이가디건 [긴팔] | G53: 아이 | H53: 8000 | K53: 1 | N53: 1 | O53: 1 | R53: 8/13 더안불량(올풀림) | S53: 1 | T53: 0 | W53: 주식회사 두유
O54: 0 | S54: 0 | T54: 0
A55: 나루 | B55: 디오트 1층 A-11 | C55: 02-2117-8051 | D55: 010-5621-8051 | E55: S21595 | F55: 포켓셔츠나시세트 [끈나시셔츠set] | G55: 아이보리 | H55: 10000 | I55: 2 | L55: 2 | O55: 2 | S55: 2 | T55: 20000 | W55: 주식회사 터프나루
A56: 나루 | B56: 디오트 1층 A-11 | C56: 02-2117-8051 | D56: 010-5621-8051 | E56: S21595 | F56: 포켓셔츠나시세트 [끈나시셔츠set] | G56: 아이보리 | H56: 10000 | K56: 1 | O56: 0 | Q56: 다음주문차감 | R56: 8/14 더안불량(오염) | S56: 0 | T56: 0 | W56: 주식회사 터프나루
O57: 0 | S57: 0 | T57: 0
A58: 제니퍼 | B58: 디오트 1층 A-19 | C58: 010-2207-9789 | D58: 010-2207-9789 | E58: S21403 | F58: 골지단추u넥반팔nt [반팔] | G58: 검정 | H58: 6000 | I58: 1 | L58: 1 | O58: 1 | S58: 1 | T58: 6000 | W58: 김미애(제니퍼)
A59: 제니퍼 | B59: 디오트 1층 A-19 | C59: 010-2207-9789 | D59: 010-2207-9789 | E59: S21405 | F59: 골지단추u넥반팔nt [반팔] | G59: 베이지 | H59: 6000 | I59: 5 | L59: 5 | O59: 5 | S59: 5 | T59: 30000 | W59: 김미애(제니퍼)
A60: 제니퍼 | B60: 디오트 1층 A-19 | C60: 010-2207-9789 | D60: 010-2207-9789 | E60: S21406 | F60: 골지단추u넥반팔nt [반팔] | G60: 소라 | H60: 6000 | I60: 1 | L60: 1 | O60: 1 | S60: 1 | T60: 6000 | W60: 김미애(제니퍼)
A61: 제니퍼 | B61: 디오트 1층 A-19 | C61: 010-2207-9789 | D61: 010-2207-9789 | E61: S22281 | F61: 골지홀터넥 [반팔] ☆ | G61: 아이 ☆2507 | H61: 7000 | I61: 1 | L61: 1 | O61: 1 | S61: 1 | T61: 7000 | W61: 김미애(제니퍼)
A62: 제니퍼 | B62: 디오트 1층 A-19 | C62: 010-2207-9789 | D62: 010-2207-9789 | E62: S22347 | F62: 쁘띠반팔 [반팔] | G62: 연회색 | H62: 10000 | I62: 1 | L62: 1 | O62: 1 | S62: 1 | T62: 10000 | W62: 김미애(제니퍼)
A63: 제니퍼 | B63: 디오트 1층 A-19 | C63: 010-2207-9789 | D63: 010-2207-9789 | E63: S21938 | F63: 아베크앞뒤t [반팔] | G63: 아이 | H63: 12000 | I63: 4 | L63: 4 | O63: 4 | S63: 4 | T63: 48000 | W63: 김미애(제니퍼)
O64: 0 | S64: 0 | T64: 0
A65: 딥 | B65: 디오트 1층 A-20 | C65: 02-2253-6681 | D65: 010-9174-5512 | E65: S21875 | F65: 370기본 [와이드] ☆ | G65: 1아이보리/S ☆2508 | H65: 12000 | I65: 3 | L65: 3 | O65: 3 | Q65: 입고4 | S65: 3 | T65: 36000 | W65: （주）디씨패밀리
A66: 딥 | B66: 디오트 1층 A-20 | C66: 02-2253-6681 | D66: 010-9174-5512 | E66: S21870 | F66: 370기본 [와이드] ☆ | G66: 3베이지/M ☆2508 | H66: 12000 | I66: 1 | L66: 1 | O66: 1 | S66: 1 | T66: 12000 | W66: （주）디씨패밀리
A67: 딥 | B67: 디오트 1층 A-20 | C67: 02-2253-6681 | D67: 010-9174-5512 | E67: S21881 | F67: 370기본 [와이드] ☆ | G67: 6검정/S ☆2508 | H67: 12000 | I67: 2 | L67: 2 | O67: 2 | S67: 2 | T67: 24000 | W67: （주）디씨패밀리
A68: 딥 | B68: 디오트 1층 A-20 | C68: 02-2253-6681 | D68: 010-9174-5512 | E68: S22637 | F68: 5560 [와이드] | G68: 검정/M | H68: 15000 | I68: 1 | L68: 1 | O68: 1 | S68: 1 | T68: 15000 | W68: （주）디씨패밀리
A69: 딥 | B69: 디오트 1층 A-20 | C69: 02-2253-6681 | D69: 010-9174-5512 | E69: S22636 | F69: 5560 [와이드] | G69: 검정/S | H69: 15000 | I69: 1 | L69: 1 | O69: 1 | S69: 1 | T69: 15000 | W69: （주）디씨패밀리
A70: 딥 | B70: 디오트 1층 A-20 | C70: 02-2253-6681 | D70: 010-9174-5512 | E70: S22640 | F70: 5560 [와이드] | G70: 아이보리/M | H70: 15000 | K70: 1 | O70: 0 | Q70: 차감함 | R70: 8/13 더안불량(오염) | S70: 0 | T70: -15000 | W70: （주）디씨패밀리
A71: 딥 | B71: 디오트 1층 A-20 | C71: 02-2253-6681 | D71: 010-9174-5512 | E71: S22639 | F71: 5560 [와이드] | G71: 아이보리/S | H71: 15000 | K71: 1 | O71: 0 | R71: 8/18 더안불량(올트임,실밥미처리) | S71: 0 | T71: 0 | W71: （주）디씨패밀리
O72: 0 | S72: 0 | T72: 0
A73: 하라 | B73: 디오트 1층 B-04 | C73: 010-3047-2263 | D73: 010-3047-2263 | E73: S23233 | F73: 블레스나시 [캡소매] | G73: 검정 | H73: 15000 | I73: 1 | L73: 1 | O73: 1 | S73: 1 | T73: 15000 | W73: 채경희(하라)
A74: 하라 | B74: 디오트 1층 B-04 | C74: 010-3047-2263 | D74: 010-3047-2263 | E74: S23235 | F74: 블레스나시 [캡소매] | G74: 크림 | H74: 15000 | I74: 10 | O74: 0 | Q74: 화밤 | S74: 0 | T74: 0 | W74: 채경희(하라)
A75: 하라 | B75: 디오트 1층 B-04 | C75: 010-3047-2263 | D75: 010-3047-2263 | E75: S23040 | F75: 젤라또bl [캡소매] | G75: 검정 | H75: 16000 | I75: 3 | L75: 3 | O75: 3 | S75: 3 | T75: 48000 | W75: 채경희(하라)
A76: 하라 | B76: 디오트 1층 B-04 | C76: 010-3047-2263 | D76: 010-3047-2263 | E76: S23042 | F76: 젤라또bl [캡소매] | G76: 베이지 | H76: 16000 | I76: 2 | L76: 2 | O76: 2 | S76: 2 | T76: 32000 | W76: 채경희(하라)
A77: 하라 | B77: 디오트 1층 B-04 | C77: 010-3047-2263 | D77: 010-3047-2263 | E77: S23041 | F77: 젤라또bl [캡소매] | G77: 아이 | H77: 16000 | J77: 10 | M77: 10 | O77: 10 | R77: 미송10 | S77: 10 | T77: 0 | U77: 3200000 | V77: 45880 | W77: 채경희(하라)
A78: 하라 | B78: 디오트 1층 B-04 | C78: 010-3047-2263 | D78: 010-3047-2263 | E78: S23041 | F78: 젤라또bl [캡소매] | G78: 아이 | H78: 16000 | K78: 1 | N78: 1 | O78: 1 | R78: 8/7 더안불량(봉제 불량) | S78: 1 | T78: 0 | W78: 채경희(하라)
A79: 하라 | B79: 디오트 1층 B-04 | C79: 010-3047-2263 | D79: 010-3047-2263 | E79: S23041 | F79: 젤라또bl [캡소매] | G79: 아이 | H79: 16000 | K79: 5 | O79: 0 | Q79: 화밤 | R79: 8/14 더안불량(오염) | S79: 0 | T79: 0 | W79: 채경희(하라)
A80: 하라 | B80: 디오트 1층 B-04 | C80: 010-3047-2263 | D80: 010-3047-2263 | E80: S23041 | F80: 젤라또bl [캡소매] | G80: 아이 | H80: 16000 | K80: 1 | O80: 0 | R80: 8/18 더안불량(올트임) | S80: 0 | T80: 0 | W80: 채경희(하라)
A81: 하라 | B81: 디오트 1층 B-04 | C81: 010-3047-2263 | D81: 010-3047-2263 | E81: S23041 | F81: 젤라또bl [캡소매] | G81: 아이 | H81: 16000 | K81: 2 | O81: 0 | R81: 8/18 더안불량(오염) | S81: 0 | T81: 0 | W81: 채경희(하라)
O82: 0 | S82: 0 | T82: 0
A83: 라우라 | B83: 디오트 1층 B-06 | D83: 010-8319-7838 | E83: S18258 | F83: 데일리하프폴라니트 (C) | G83: 소라★2412 | H83: 8000 | K83: 1 | O83: 0 | Q83: 다음주문차감 | R83: 02/12 더안불량 (올나감) | S83: 0 | T83: 0 | W83: (주)도로시클로딩
A84: 라우라 | B84: 디오트 1층 B-06 | D84: 010-8319-7838 | E84: S18257 | F84: 데일리하프폴라니트 (C) | G84: 아이★2501 | H84: 8000 | K84: 1 | O84: 0 | Q84: 다음주문차감 | R84: 02/06 더안불량 (오염) | S84: 0 | T84: 0 | W84: (주)도로시클로딩
O85: 0 | S85: 0 | T85: 0
A86: 더포르투나 | B86: 디오트 1층 B-13 | C86: 010-4084-7778 | D86: 010-4084-7778 | E86: S22587 | F86: d6837pt [와이드] ☆ | G86: 화이트/M ☆2507 | H86: 12500 | K86: 1 | O86: 0 | Q86: 다음주문차감 | R86: 7/31 더안불량(오염) | S86: 0 | T86: 0 | W86: (주)더포르투나
A87: 더포르투나 | B87: 디오트 1층 B-13호 | C87: 010-4084-7778 | D87: 010-4084-7778 | E87: S22582 | F87: d6837pt [와이드] ☆ | G87: 크림/S ☆2507 | H87: 12500 | K87: 1 | O87: 0 | Q87: 다음주문차감 | R87: 8/8 더안불량(세탁 후 기장 짧아짐) | S87: 0 | T87: 0 | W87: (주)더포르투나
A88: 더포르투나 | B88: 디오트 1층 B-13호 | C88: 010-4084-7778 | D88: 010-4084-7778 | E88: S22586 | F88: d6837pt [와이드] ☆ | G88: 화이트/S ☆2507 | H88: 12500 | K88: 1 | O88: 0 | Q88: 다음주문차감 | R88: 8/8 더안불량(세탁 후 기장 짧아짐) | S88: 0 | T88: 0 | W88: (주)더포르투나
O89: 0 | S89: 0 | T89: 0
A90: 아가씨 | B90: 디오트 1층 C-22 | C90: 02-2117-4443 | D90: 010-3410-8422 | E90: S23344 | F90: 벨트bl [반팔] | G90: 검정 | H90: 7000 | I90: 1 | L90: 1 | O90: 1 | S90: 1 | T90: 7000 | W90: 이성현
A91: 아가씨 | B91: 디오트 1층 C-22 | C91: 02-2117-4443 | D91: 010-3410-8422 | E91: S23220 | F91: 투웨이bl [반팔] | G91: 소라 | H91: 9000 | I91: 10 | L91: 10 | O91: 10 | S91: 10 | T91: 90000 | W91: 이성현
O92: 0 | S92: 0 | T92: 0
A93: 룩 | B93: 디오트 1층 D-01 | C93: 02-2117-4111 | D93: 010-3621-1032 | E93: S21505 | F93: 골지단r반팔 [반팔] | G93: 검정 | H93: 7000 | I93: 1 | L93: 1 | O93: 1 | S93: 1 | T93: 7000 | W93: 주식회사 룩어패럴
A94: 룩 | B94: 디오트 1층 D-01 | C94: 02-2117-4111 | D94: 010-3621-1032 | E94: S20159 | F94: 라일라날개소매 [반팔] ▼ | G94: 검정 ▼ | H94: 8700 | I94: 10 | L94: 10 | O94: 10 | S94: 10 | T94: 87000 | W94: 주식회사 룩어패럴
A95: 룩 | B95: 디오트 1층 D-01 | C95: 02-2117-4111 | D95: 010-3621-1032 | E95: S20161 | F95: 라일라날개소매 [반팔] ▼ | G95: 소라 ▼ | H95: 8700 | I95: 5 | L95: 5 | O95: 5 | S95: 5 | T95: 43500 | W95: 주식회사 룩어패럴
A96: 룩 | B96: 디오트 1층 D-01 | C96: 02-2117-4111 | D96: 010-3621-1032 | E96: S20162 | F96: 라일라날개소매 [반팔] ▼ | G96: 아이 ▼ | H96: 8700 | I96: 10 | L96: 10 | O96: 10 | S96: 10 | T96: 87000 | W96: 주식회사 룩어패럴
A97: 룩 | B97: 디오트 1층 D-01 | C97: 02-2117-4111 | D97: 010-3621-1032 | E97: S22008 | F97: 살랑단가라cd [반팔] | G97: 아이보리 | H97: 13000 | I97: 4 | L97: 2 | O97: 2 | Q97: 나머지 화밤 | S97: 2 | T97: 26000 | W97: 주식회사 룩어패럴
A98: 룩 | B98: 디오트 1층 D-01 | C98: 02-2117-4111 | D98: 010-3621-1032 | E98: S21821 | F98: 셀렌투버튼cd [긴팔] | G98: 검정 | H98: 13000 | I98: 2 | L98: 2 | O98: 2 | S98: 2 | T98: 26000 | W98: 주식회사 룩어패럴
A99: 룩 | B99: 디오트 1층 D-01 | C99: 02-2117-4111 | D99: 010-3621-1032 | E99: S21823 | F99: 셀렌투버튼cd [긴팔] | G99: 아이 | H99: 13000 | I99: 1 | L99: 1 | O99: 1 | S99: 1 | T99: 13000 | W99: 주식회사 룩어패럴
A100: 룩 | B100: 디오트 1층 D-01 | C100: 02-2117-4111 | D100: 010-3621-1032 | E100: S21749 | F100: 언발단추반팔 [반팔] ▼ | G100: 검정 ▼ | H100: 10700 | I100: 1 | L100: 1 | O100: 1 | S100: 1 | T100: 10700 | W100: 주식회사 룩어패럴
A101: 룩 | B101: 디오트 1층 D-01 | C101: 02-2117-4111 | D101: 010-3621-1032 | E101: S20395 | F101: 오브캡소매 [캡소매] | G101: 소라 | H101: 8000 | I101: 1 | L101: 1 | O101: 1 | S101: 1 | T101: 8000 | W101: 주식회사 룩어패럴
...

Sheet 0817
A1: 가나다란 08/17(일밤) 주문서 | I1: 발주 | L1: 장끼 | O1: 입고 | P1: 차이
A2: 거래처명 | B2: 공급처주소 | C2: 공급처연락처 | D2: 공급처휴대전화 | E2: 상품코드 | F2: 공급처상품명 | G2: 공급처옵션 | H2: 원가 | I2: 신규주문 | J2: 미송 | K2: 교환 | L2: 장끼 | M2: 미송 | N2: 교환 | O2: 주문 | P2: 주문 | Q2: 삼촌 코멘트 | R2: 가나다란 코멘트 | S2: 실입고수 | T2: 오늘입금할금액 | U2: 미송/매입금액 | V2: 입금일 | W2: 공급처예금주
I3: 3215 | J3: 1343 | K3: 229 | L3: 1430 | M3: 381 | N3: 21 | O3: 1832 | P3: 0 | S3: 1698 | T3: 22530900 | U3: 0 | V3: 0
Q4: ※ 주문서 작성시 KDG, 제이와이엠, 디피프로젝트 카톡 채널 공유 필수 | S4: 0 | T4: 0
A5: 더포르투나 | B5: 본사반출 | E5: S22582 | F5: d6837pt [와이드] | G5: 크림/S | K5: 1 | Q5: 사무실로 전달 부탁드려요! | R5: 08/08 본사반출(민서정님 반품건) | S5: 0 | T5: 0 | W5: (주)더포르투나
A6: 더포르투나 | B6: 본사반출 | E6: S22586 | F6: d6837pt [와이드] | G6: 화이트/S | K6: 1 | Q6: 사무실로 전달 부탁드려요! | R6: 08/08 본사반출(민서정님 반품건) | S6: 0 | T6: 0 | W6: (주)더포르투나
S7: 0 | T7: 0
A8: 디피프로젝트 | B8: 의정부시 산단로 76번길 80,202 | C8: 010-5824-7158 | D8: 010-5824-7158 | F8: 샘플픽업 | Q8: OK | S8: 0 | T8: 0
S9: 0 | T9: 0
A10: 리마인드 | B10: 경기도 고양시 일산동구 지영로 59-2 D동 | C10: 010-3918-2418 | D10: 010-9208-6514 | E10: S16808 | F10: 2420(부츠)sl (C) | G10: 베이지(기본S) | H10: 12000 | I10: 1 | L10: 1 | O10: 1 | S10: 1 | T10: 12000 | W10: （주）디투어패럴
A11: 리마인드 | B11: 경기도 고양시 일산동구 지영로 59-2 D동 | C11: 010-3918-2418 | D11: 010-9208-6514 | E11: S16805 | F11: 2420(부츠)sl (C) | G11: 베이지(숏S) | H11: 12000 | I11: 1 | L11: 1 | O11: 1 | S11: 1 | T11: 12000 | W11: （주）디투어패럴
A12: 리마인드 | B12: 경기도 고양시 일산동구 지영로 59-2 D동 | C12: 010-3918-2418 | D12: 010-9208-6514 | E12: S16838 | F12: 2420(부츠)sl (C) | G12: 블랙(롱S) | H12: 12000 | I12: 3 | L12: 3 | O12: 3 | S12: 3 | T12: 36000 | W12: （주）디투어패럴
A13: 리마인드 | B13: 경기도 고양시 일산동구 지영로 59-2 D동 | C13: 010-3918-2418 | D13: 010-9208-6514 | E13: S16834 | F13: 2420(부츠)sl (C) | G13: 블랙(숏L) | H13: 12000 | I13: 1 | L13: 1 | O13: 1 | S13: 1 | T13: 12000 | W13: （주）디투어패럴
A14: 리마인드 | B14: 경기도 고양시 일산동구 지영로 59-2 D동 | C14: 010-3918-2418 | D14: 010-9208-6514 | E14: S16799 | F14: 2420(부츠)sl (C) | G14: 아이보리(기본S) | H14: 12000 | I14: 1 | L14: 1 | O14: 1 | S14: 1 | T14: 12000 | W14: （주）디투어패럴
A15: 리마인드 | B15: 경기도 고양시 일산동구 지영로 59-2 D동 | C15: 010-3918-2418 | D15: 010-9208-6514 | E15: S16827 | F15: 2420(부츠)sl (C) | G15: 회색(기본M) | H15: 12000 | I15: 1 | L15: 1 | O15: 1 | S15: 1 | T15: 12000 | W15: （주）디투어패럴
A16: 리마인드 | B16: 경기도 고양시 일산동구 지영로 59-2 D동 | C16: 010-3918-2418 | D16: 010-9208-6514 | E16: S16831 | F16: 2420(부츠)sl (C) | G16: 회색(롱L) | H16: 12000 | I16: 2 | L16: 2 | O16: 2 | S16: 2 | T16: 24000 | W16: （주）디투어패럴
A17: 리마인드 | B17: 경기도 고양시 일산동구 지영로 59-2 D동 | C17: 010-3918-2418 | D17: 010-9208-6514 | E17: S22138 | F17: 4503 [반바지] | G17: 블랙/L | H17: 10000 | I17: 1 | L17: 1 | O17: 1 | S17: 1 | T17: 10000 | W17: （주）디투어패럴
A18: 리마인드 | B18: 경기도 고양시 일산동구 지영로 59-2 D동 | C18: 010-3918-2418 | D18: 010-9208-6514 | E18: S22131 | F18: 4503 [반바지] | G18: 아이보리/M | H18: 10000 | I18: 30 | L18: 30 | O18: 30 | S18: 30 | T18: 300000 | W18: （주）디투어패럴
A19: 리마인드 | B19: 경기도 고양시 일산동구 지영로 59-2 D동 | C19: 010-3918-2418 | D19: 010-9208-6514 | E19: S22130 | F19: 4503 [반바지] | G19: 아이보리/S | H19: 10000 | I19: 20 | L19: 20 | O19: 20 | S19: 20 | T19: 200000 | W19: （주）디투어패럴
A20: 리마인드 | B20: 경기도 고양시 일산동구 지영로 59-2 D동 | C20: 010-3918-2418 | D20: 010-9208-6514 | E20: S18814 | F20: 5007pt [부츠컷] | G20: 중청(L) | H20: 15000 | I20: 1 | L20: 1 | O20: 1 | S20: 1 | T20: 15000 | W20: （주）디투어패럴
A21: 리마인드 | B21: 경기도 고양시 일산동구 지영로 59-2 D동 | C21: 010-3918-2418 | D21: 010-9208-6514 | E21: S19667 | F21: 5100-3pt [부츠컷] | G21: 연청/L | H21: 14000 | I21: 1 | L21: 1 | O21: 1 | S21: 1 | T21: 14000 | W21: （주）디투어패럴
... A30: 리마인드 | B30: 경기도 고양시 일산동구 지영로 59-2 D동 | C30: 010-3918-2418 | D30: 010-9208-6514 | E30: S21620 | F30: 5507pt [와이드] | G30: 연청(5507-2)/M | H30: 16000 | I30: 1 | L30: 1 | O30: 1 | S30: 1 | T30: 16000 | W30: （주）디투어패럴
A31: 리마인드 | B31: 경기도 고양시 일산동구 지영로 59-2 D동 | C31: 010-3918-2418 | D31: 010-9208-6514 | E31: S16800 | F31: 2420(부츠)sl (C) | G31: 아이보리(기본M) | H31: 12000 | K31: 1 | O31: 0 | R31: 7/18 더안불량(단추없음) | S31: 0 | T31: -12000 | W31: （주）디투어패럴
A32: 리마인드 | B32: 경기도 고양시 일산동구 지영로 59-2 D동 | C32: 010-3918-2418 | D32: 010-9208-6514 | E32: S16799 | F32: 2420(부츠)sl (C) | G32: 아이보리(기본S) | H32: 12000 | K32: 1 | O32: 0 | R32: 7/15 더안불량(오염) | S32: 0 | T32: -12000 | W32: （주）디투어패럴
A33: 리마인드 | B33: 경기도 고양시 일산동구 지영로 59-2 D동 | C33: 010-3918-2418 | D33: 010-9208-6514 | E33: S22132 | F33: 4503 [반바지] | G33: 아이보리/L | H33: 10000 | K33: 1 | O33: 0 | R33: 7/23 더안불량(오염) | S33: 0 | T33: -10000 | W33: （주）디투어패럴
A34: 리마인드 | B34: 경기도 고양시 일산동구 지영로 59-2 D동 | C34: 010-3918-2418 | D34: 010-9208-6514 | E34: S22132 | F34: 4503 [반바지] | G34: 아이보리/L | H34: 10000 | K34: 1 | O34: 0 | R34: 7/24 더안불량(오염) | S34: 0 | T34: -10000 | W34: （주）디투어패럴
A35: 리마인드 | B35: 경기도 고양시 일산동구 지영로 59-2 D동 | C35: 010-3918-2418 | D35: 010-9208-6514 | E35: S22131 | F35: 4503 [반바지] | G35: 아이보리/M | H35: 10000 | K35: 1 | O35: 0 | R35: 7/24 더안불량(오염) | S35: 0 | T35: -10000 | W35: （주）디투어패럴
A36: 리마인드 | B36: 경기도 고양시 일산동구 지영로 59-2 D동 | C36: 010-3918-2418 | D36: 010-9208-6514 | E36: S22131 | F36: 4503 [반바지] | G36: 아이보리/M | H36: 10000 | K36: 1 | O36: 0 | R36: 7/30 더안불량(오염) | S36: 0 | T36: -10000 | W36: （주）디투어패럴
A37: 리마인드 | B37: 경기도 고양시 일산동구 지영로 59-2 D동 | C37: 010-3918-2418 | D37: 010-9208-6514 | E37: S22131 | F37: 4503 [반바지] | G37: 아이보리/M | H37: 10000 | K37: 1 | O37: 0 | R37: 7/31 더안불량(봉제불량) | S37: 0 | T37: -10000 | W37: （주）디투어패럴
A38: 리마인드 | B38: 경기도 고양시 일산동구 지영로 59-2 D동 | C38: 010-3918-2418 | D38: 010-9208-6514 | E38: S22130 | F38: 4503 [반바지] | G38: 아이보리/S | H38: 10000 | K38: 1 | O38: 0 | R38: 7/18 더안불량(주머니불량) | S38: 0 | T38: -10000 | W38: （주）디투어패럴
A39: 리마인드 | B39: 경기도 고양시 일산동구 지영로 59-2 D동 | C39: 010-3918-2418 | D39: 010-9208-6514 | E39: S22130 | F39: 4503 [반바지] | G39: 아이보리/S | H39: 10000 | K39: 2 | O39: 0 | R39: 7/18 더안불량(오염) | S39: 0 | T39: -20000 | W39: （주）디투어패럴
A40: 리마인드 | B40: 경기도 고양시 일산동구 지영로 59-2 D동 | C40: 010-3918-2418 | D40: 010-9208-6514 | E40: S22130 | F40: 4503 [반바지] | G40: 아이보리/S | H40: 10000 | K40: 1 | O40: 0 | R40: 7/23 더안불량(오염) | S40: 0 | T40: -10000 | W40: （주）디투어패럴
A41: 리마인드 | B41: 경기도 고양시 일산동구 지영로 59-2 D동 | C41: 010-3918-2418 | D41: 010-9208-6514 | E41: S22130 | F41: 4503 [반바지] | G41: 아이보리/S | H41: 10000 | K41: 1 | O41: 0 | R41: 7/24 더안불량(허리 고리 찢어짐) | S41: 0 | T41: -10000 | W41: （주）디투어패럴
A42: 리마인드 | B42: 경기도 고양시 일산동구 지영로 59-2 D동 | C42: 010-3918-2418 | D42: 010-9208-6514 | E42: S18812 | F42: 5007pt [부츠컷] | G42: 중청(S) | H42: 15000 | K42: 1 | O42: 0 | R42: 7/24 더안불량(박음질 불량) | S42: 0 | T42: -15000 | W42: （주）디투어패럴
... A54: 리마인드 | B54: 경기도 고양시 일산동구 지영로 59-2 D동 | C54: 010-3918-2418 | D54: 010-9208-6514 | E54: S19240 | F54: 5106-5pt [와이드] | G54: 화이트(S,숏) | H54: 13000 | K54: 1 | O54: 0 | R54: 8/18 더안불량(오염) | S54: 0 | T54: 0 | W54: （주）디투어패럴
O55: 0 | S55: 0 | T55: 0
A56: KDG(부가세) | B56: 경기도 용인시 처인구 포곡읍 둔전로 49 | C56: 010-5818-0264 | D56: 010-5818-0264 | E56: S22538 | F56: 4081-1pt [부츠컷] | G56: 흑청/L/롱 | H56: 12500 | I56: 3 | L56: 3 | O56: 3 | S56: 3 | T56: 37500 | W56: 케이디지
A57: KDG(부가세) | B57: 경기도 용인시 처인구 포곡읍 둔전로 49 | C57: 010-5818-0264 | D57: 010-5818-0264 | E57: S22534 | F57: 4081-1pt [부츠컷] | G57: 흑청/M/기본 | H57: 12500 | I57: 2 | L57: 2 | O57: 2 | S57: 2 | T57: 25000 | W57: 케이디지
A58: KDG(부가세) | B58: 경기도 용인시 처인구 포곡읍 둔전로 49 | C58: 010-5818-0264 | D58: 010-5818-0264 | E58: S22531 | F58: 4081-1pt [부츠컷] | G58: 흑청/S/기본 | H58: 12500 | I58: 1 | L58: 1 | O58: 1 | S58: 1 | T58: 12500 | W58: 케이디지
A59: KDG(부가세) | B59: 경기도 용인시 처인구 포곡읍 둔전로 49 | C59: 010-5818-0264 | D59: 010-5818-0264 | O59: 0 | R59: 08/18 부가세 | S59: 0 | T59: 7500 | W59: 케이디지
O60: 0 | S60: 0 | T60: 0
A61: 예삐박스 | B61: 남평화 3층 136 | C61: 010-5778-9084 | D61: 010-5778-9084 | E61: S22469 | F61: 여신하트라인골지캡소매티 [캡소매] | G61: 베이지 | H61: 6000 | I61: 1 | L61: 1 | O61: 1 | S61: 1 | T61: 6000 | W61: 김민
A62: 예삐박스 | B62: 남평화 3층 136 | C62: 010-5778-9084 | D62: 010-5778-9084 | E62: S22471 | F62: 여신하트라인골지캡소매티 [캡소매] | G62: 블랙 | H62: 6000 | I62: 6 | L62: 2 | O62: 2 | Q62: 나머지 수밤 | S62: 2 | T62: 12000 | W62: 김민
A63: 예삐박스 | B63: 남평화 3층 136 | C63: 010-5778-9084 | D63: 010-5778-9084 | E63: S22470 | F63: 여신하트라인골지캡소매티 [캡소매] | G63: 화이트 | H63: 6000 | I63: 5 | L63: 5 | O63: 5 | S63: 5 | T63: 30000 | W63: 김민
A64: 예삐박스 | B64: 남평화 3층 136 | D64: 010-5778-9084 | E64: S22471 | F64: 여신하트라인골지캡소매티 [캡소매] | G64: 블랙 | H64: 6000 | K64: 1 | O64: 0 | Q64: 다음주문차감 | R64: 8/7 더안불량(올 풀림) | S64: 0 | T64: 0 | W64: 김민
O65: 0 | S65: 0 | T65: 0
A66: 리머블 | B66: 남평화 지하 1층 B-14 | C66: 010-7761-8021 | D66: 010-7761-8021 | E66: S22866 | F66: 8900 [가방] | G66: 블랙 | H66: 13000 | I66: 4 | L66: 4 | O66: 4 | S66: 4 | T66: 52000 | W66: 정자영(리머블)
A67: 리머블 | B67: 남평화 지하 1층 B-14 | C67: 010-7761-8021 | D67: 010-7761-8021 | E67: S22867 | F67: 8900 [가방] | G67: 화이트 | H67: 13000 | I67: 7 | L67: 5 | O67: 5 | Q67: 나머지 일주일 | S67: 5 | T67: 65000 | W67: 정자영(리머블)
O68: 0 | S68: 0 | T68: 0
A69: 메바 | B69: 남평화 지하 1층 신관 20,21 | C69: 02-2235-0231 | D69: 010-9988-0231 | E69: S21993 | F69: 3920 [가방] | G69: 01블랙 | H69: 16000 | I69: 1 | L69: 1 | O69: 1 | S69: 1 | T69: 16000 | W69: 한관수
O70: 0 | S70: 0 | T70: 0
A71: 슬로그(누죤) | B71: 누죤 3층 429 | C71: 010-8780-0823 | D71: 010-8780-0823 | E71: S20514 | F71: 그웬시스루니트 [반팔] | G71: 검정 | H71: 14000 | I71: 2 | O71: 0 | R71: 8/11 택배발송 요청함 | S71: 0 | T71: 0 | W71: 윤상원
A72: 슬로그(누죤) | B72: 누죤 3층 429 | C72: 010-8780-0823 | D72: 010-8780-0823 | E72: S20514 | F72: 그웬시스루니트 [반팔] | G72: 검정 | H72: 14000 | I72: 1 | L72: 1 | O72: 1 | R72: 8/17 신규주문(택배발송수량 미포함) | S72: 1 | T72: 14000 | W72: 윤상원
A73: 슬로그(누죤) | B73: 누죤 3층 429 | C73: 010-8780-0823 | D73: 010-8780-0823 | E73: S20516 | F73: 그웬시스루니트 [반팔] | G73: 크림 | H73: 14000 | I73: 1 | O73: 0 | R73: 8/11 택배발송 요청함 | S73: 0 | T73: 0 | W73: 윤상원
A74: 슬로그(누죤) | B74: 누죤 3층 429 | C74: 010-8780-0823 | D74: 010-8780-0823 | E74: S20516 | F74: 그웬시스루니트 [반팔] | G74: 크림 | H74: 14000 | I74: 1 | L74: 1 | O74: 1 | R74: 8/17 신규주문(택배발송수량 미포함) | S74: 1 | T74: 14000 | W74: 윤상원
A75: 슬로그(누죤) | B75: 누죤 3층 429 | C75: 010-8780-0823 | D75: 010-8780-0823 | E75: S20981 | F75: 네스v넥 [반팔] | G75: 검정 | H75: 14000 | I75: 2 | O75: 0 | R75: 8/11 택배발송 요청함 | S75: 0 | T75: 0 | W75: 윤상원
A76: 슬로그(누죤) | B76: 누죤 3층 429 | C76: 010-8780-0823 | D76: 010-8780-0823 | E76: S20981 | F76: 네스v넥 [반팔] | G76: 검정 | H76: 14000 | I76: 2 | L76: 2 | O76: 2 | R76: 8/17 신규주문(택배발송수량 미포함) | S76: 2 | T76: 28000 | W76: 윤상원
A77: 슬로그(누죤) | B77: 누죤 3층 429 | C77: 010-8780-0823 | D77: 010-8780-0823 | E77: S20982 | F77: 네스v넥 [반팔] | G77: 네이비 | H77: 14000 | I77: 2 | O77: 0 | R77: 8/11 택배발송 요청함 | S77: 0 | T77: 0 | W77: 윤상원
A78: 슬로그(누죤) | B78: 누죤 3층 429 | C78: 010-8780-0823 | D78: 010-8780-0823 | E78: S20982 | F78: 네스v넥 [반팔] | G78: 네이비 | H78: 14000 | I78: 2 | L78: 2 | O78: 2 | R78: 8/17 신규주문(택배발송수량 미포함) | S78: 2 | T78: 28000 | W78: 윤상원
A79: 슬로그(누죤) | B79: 누죤 3층 429 | C79: 010-8780-0823 | D79: 010-8780-0823 | E79: S20985 | F79: 네스v넥 [반팔] | G79: 크림 | H79: 14000 | I79: 1 | O79: 0 | R79: 8/11 택배발송 요청함 | S79: 0 | T79: 0 | W79: 윤상원
A80: 슬로그(누죤) | B80: 누죤 3층 429 | C80: 010-8780-0823 | D80: 010-8780-0823 | E80: S20985 | F80: 네스v넥 [반팔] | G80: 크림 | H80: 14000 | I80: 1 | L80: 1 | O80: 1 | R80: 8/17 신규주문(택배발송수량 미포함) | S80: 1 | T80: 14000 | W80: 윤상원
A81: 슬로그(누죤) | B81: 누죤 3층 429 | C81: 010-8780-0823 | D81: 010-8780-0823 | E81: S20770 | F81: 빌리프골지카라니트 [반팔] | G81: 검정 | H81: 15000 | I81: 1 | O81: 0 | R81: 8/11 택배발송 요청함 | S81: 0 | T81: 0 | W81: 윤상원
A82: 슬로그(누죤) | B82: 누죤 3층 429 | C82: 010-8780-0823 | D82: 010-8780-0823 | E82: S20771 | F82: 빌리프골지카라니트 [반팔] | G82: 멜란지 | H82: 15000 | I82: 7 | O82: 0 | R82: 8/11 택배발송 요청함 | S82: 0 | T82: 0 | W82: 윤상원
A83: 슬로그(누죤) | B83: 누죤 3층 429 | C83: 010-8780-0823 | D83: 010-8780-0823 | E83: S20773 | F83: 빌리프골지카라니트 [반팔] | G83: 크림 | H83: 15000 | I83: 1 | O83: 0 | R83: 8/11 택배발송 요청함 | S83: 0 | T83: 0 | W83: 윤상원
A84: 슬로그(누죤) | B84: 누죤 3층 429 | C84: 010-8780-0823 | D84: 010-8780-0823 | E84: S20773 | F84: 빌리프골지카라니트 [반팔] | G84: 크림 | H84: 15000 | I84: 3 | L84: 3 | O84: 3 | R84: 8/17 신규주문(택배발송수량 미포함) | S84: 3 | T84: 45000 | W84: 윤상원
A85: 슬로그(누죤) | B85: 누죤 3층 429 | C85: 010-8780-0823 | D85: 010-8780-0823 | E85: S20774 | F85: 빌리프골지카라니트 [반팔] | G85: 회베이지 | H85: 15000 | I85: 1 | L85: 1 | O85: 1 | R85: 8/17 신규주문(택배발송수량 미포함) | S85: 1 | T85: 15000 | W85: 윤상원
A86: 슬로그(누죤) | B86: 누죤 3층 429 | C86: 010-8780-0823 | D86: 010-8780-0823 | E86: S21856 | F86: 오클리줄지라운드 [반팔] | G86: 곤아 | H86: 15000 | I86: 3 | O86: 0 | R86: 8/11 택배발송 요청함 | S86: 0 | T86: 0 | W86: 윤상원
A87: 슬로그(누죤) | B87: 누죤 3층 429 | C87: 010-8780-0823 | D87: 010-8780-0823 | E87: S21856 | F87: 오클리줄지라운드 [반팔] | G87: 곤아 | H87: 15000 | I87: 1 | L87: 1 | O87: 1 | R87: 8/17 신규주문(택배발송수량 미포함) | S87: 1 | T87: 15000 | W87: 윤상원
A88: 슬로그(누죤) | B88: 누죤 3층 429 | C88: 010-8780-0823 | D88: 010-8780-0823 | E88: S21855 | F88: 오클리줄지라운드 [반팔] | G88: 아검 | H88: 15000 | I88: 1 | O88: 0 | R88: 8/11 택배발송 요청함 | S88: 0 | T88: 0 | W88: 윤상원
A89: 슬로그(누죤) | B89: 누죤 3층 429 | C89: 010-8780-0823 | D89: 010-8780-0823 | E89: S21855 | F89: 오클리줄지라운드 [반팔] | G89: 아검 | H89: 15000 | I89: 2 | L89: 2 | O89: 2 | R89: 8/17 신규주문(택배발송수량 미포함) | S89: 2 | T89: 30000 | W89: 윤상원
A90: 슬로그(누죤) | B90: 누죤 3층 429 | C90: 010-8780-0823 | D90: 010-8780-0823 | E90: S21031 | F90: 카라배색빌리프 [반팔] | G90: 검정 | H90: 15000 | I90: 1 | O90: 0 | R90: 8/11 택배발송 요청함 | S90: 0 | T90: 0 | W90: 윤상원
A91: 슬로그(누죤) | B91: 누죤 3층 429 | C91: 010-8780-0823 | D91: 010-8780-0823 | E91: S21032 | F91: 카라배색빌리프 [반팔] | G91: 네이비 | H91: 15000 | I91: 3 | O91: 0 | R91: 8/11 택배발송 요청함 | S91: 0 | T91: 0 | W91: 윤상원
A92: 슬로그(누죤) | B92: 누죤 3층 429 | C92: 010-8780-0823 | D92: 010-8780-0823 | E92: S21032 | F92: 카라배색빌리프 [반팔] | G92: 네이비 | H92: 15000 | I92: 3 | L92: 3 | O92: 3 | R92: 8/17 신규주문(택배발송수량 미포함) | S92: 3 | T92: 45000 | W92: 윤상원
A93: 슬로그(누죤) | B93: 누죤 3층 429 | C93: 010-8780-0823 | D93: 010-8780-0823 | E93: S21856 | F93: 오클리줄지라운드 [반팔] | G93: 곤아 | H93: 15000 | K93: 1 | O93: 0 | Q93: 다음주문차감 | R93: 8/8 더안불량(어꺠 올나감) | S93: 0 | T93: 0 | W93: 윤상원
A94: 슬로그(누죤) | B94: 누죤 3층 429 | C94: 010-8780-0823 | D94: 010-8780-0823 | E94: S21032 | F94: 카라배색빌리프 [반팔] | G94: 네이비 | H94: 15000 | K94: 1 | O94: 0 | Q94: 다음주문차감 | R94: 8/6 더안불량(단추 색상다름) | S94: 0 | T94: 0 | W94: 윤상원
O95: 0 | S95: 0 | T95: 0
A96: 페이브 | B96: 누죤 4층 605 | C96: 010-3917-9639 | D96: 010-3917-9639 | E96: S21184 | F96: 쁘띠목걸이 [목걸이] | G96: 실버 | H96: 3000 | I96: 10 | L96: 10 | O96: 10 | S96: 10 | T96: 30000 | W96: 이나은(페이브)
A97: 페이브 | B97: 누죤 4층 605 | C97: 010-3917-9639 | D97: 010-3917-9639 | E97: S18730 | F97: 투미목걸이 | G97: 골드 | H97: 4000 | I97: 20 | L97: 20 | O97: 20 | S97: 20 | T97: 80000 | W97: 이나은(페이브)
A98: 페이브 | B98: 누죤 4층 605 | C98: 010-3917-9639 | D98: 010-3917-9639 | E98: S18729 | F98: 투미목걸이 | G98: 실버 | H98: 4000 | I98: 70 | L98: 70 | O98: 70 | S98: 70 | T98: 280000 | W98: 이나은(페이브)
A99: 페이브 | B99: 누죤 4층 605 | C99: 010-3917-9639 | D99: 010-3917-9639 | E99: S18729 | F99: 투미목걸이 | G99: 실버 | H99: 4000 | K99: 1 | O99: 0 | Q99: 월밤 | R99: 7/31 더안불량(후크불량) | S99: 0 | T99: 0 | W99: 이나은(페이브)
O100: 0 | S100: 0 | T100: 0
A101: 앨리 | B101: 누죤 지하 1층 514 | C101: 010-5098-5860 | D101: 010-5098-5860 | E101: S19113 | F101: 포어셔링슬림긴팔티 [긴팔] ☆ | G101: 화이트 ☆2505 | H101: 8000 | I101: 20 | L101: 10 | O101: 10 | Q101: 나머지 일주일 | S101: 10 | T101: 80000 | W101: 신나겸이（앨리）
O102: 0 | S102: 0 | T102: 0
A103: 두유 | B103: 디오트 1층 A-01 | C103: 010-6691-8676 | D103: 010-6691-8676 | E103: S22455 | F103: 리틀셔링반팔티 [반팔] | G103: 검정 | H103: 6000 | I103: 8 | O103: 0 | Q103: 월밤 | S103: 0 | T103: 0 | W103: 주식회사 두유
A104: 두유 | B104: 디오트 1층 A-01 | C104: 010-6691-8676 | D104: 010-6691-8676 | E104: S22457 | F104: 리틀셔링반팔티 [반팔] | G104: 소라 | H104: 6000 | I104: 2 | O104: 0 | Q104: 월밤 | S104: 0 | T104: 0 | W104: 주식회사 두유
A105: 두유 | B105: 디오트 1층 A-01 | C105: 010-6691-8676 | D105: 010-6691-8676 | E105: S22458 | F105: 리틀셔링반팔티 [반팔] | G105: 아이 | H105: 6000 | I105: 30 | O105: 0 | Q105: 월밤 | S105: 0 | T105: 0 | W105: 주식회사 두유
A106: 두유 | B106: 디오트 1층 A-01 | C106: 010-6691-8676 | D106: 010-6691-8676 | E106: S22456 | F106: 리틀셔링반팔티 [반팔] | G106: 노랑 | H106: 6000 | K106: 3 | N106: 3 | O106: 3 | R106: 8/12 더안불량(색상 오입고) | S106: 3 | T106: 0 | W106: 주식회사 두유
A107: 두유 | B107: 디오트 1층 A-01 | C107: 010-6691-8676 | D107: 010-6691-8676 | E107: S22458 | F107: 리틀셔링반팔티 [반팔] | G107: 아이 | H107: 6000 | K107: 2 | O107: 0 | Q107: 월밤 | R107: 8/13 더안불량(오염, 소매 뜯어짐) | S107: 0 | T107: 0 | W107: 주식회사 두유
A108: 두유 | B108: 디오트 1층 A-01 | C108: 010-6691-8676 | D108: 010-6691-8676 | E108: S20155 | F108: 실루엣브이가디건 [긴팔] | G108: 아이 | H108: 8000 | K108: 1 | O108: 0 | Q108: 월밤 | R108: 8/13 더안불량(올풀림) | S108: 0 | T108: 0 | W108: 주식회사 두유
O109: 0 | S109: 0 | T109: 0
A110: 나루 | B110: 디오트 1층 A-11 | C110: 02-2117-8051 | D110: 010-5621-8051 | E110: S21595 | F110: 포켓셔츠나시세트 [끈나시셔츠set] | G110: 아이보리 | H110: 10000 | I110: 5 | L110: 5 | O110: 5 | S110: 5 | T110: 50000 | W110: 주식회사 터프나루
A111: 나루 | B111: 디오트 1층 A-11 | C111: 02-2117-8051 | D111: 010-5621-8051 | E111: S21595 | F111: 포켓셔츠나시세트 [끈나시셔츠set] | G111: 아이보리 | H111: 10000 | K111: 1 | O111: 0 | R111: 8/14 더안불량(오염) | S111: 0 | T111: 0 | W111: 주식회사 터프나루
O112: 0 | S112: 0 | T112: 0
A113: 제니퍼 | B113: 디오트 1층 A-19 | C113: 010-2207-9789 | D113: 010-2207-9789 | E113: S21405 | F113: 골지단추u넥반팔nt [반팔] | G113: 베이지 | H113: 6000 | I113: 20 | L113: 11 | O113: 11 | S113: 11 | T113: 66000 | W113: 김미애(제니퍼)
A114: 제니퍼 | B114: 디오트 1층 A-19 | C114: 010-2207-9789 | D114: 010-2207-9789 | E114: S21406 | F114: 골지단추u넥반팔nt [반팔] | G114: 소라 | H114: 6000 | I114: 2 | L114: 1 | O114: 1 | S114: 1 | T114: 6000 | W114: 김미애(제니퍼)
A115: 제니퍼 | B115: 디오트 1층 A-19 | C115: 010-2207-9789 | D115: 010-2207-9789 | E115: S21407 | F115: 골지단추u넥반팔nt [반팔] | G115: 핑크 | H115: 6000 | I115: 1 | L115: 1 | O115: 1 | S115: 1 | T115: 6000 | W115: 김미애(제니퍼)
A116: 제니퍼 | B116: 디오트 1층 A-19 | C116: 010-2207-9789 | D116: 010-2207-9789 | E116: S22347 | F116: 쁘띠반팔 [반팔] | G116: 연회색 | H116: 10000 | I116: 1 | L116: 1 | O116: 1 | S116: 1 | T116: 10000 | W116: 김미애(제니퍼)
A117: 제니퍼 | B117: 디오트 1층 A-19 | C117: 010-2207-9789 | D117: 010-2207-9789 | E117: S21934 | F117: 아베크앞뒤t [반팔] | G117: 검정 | H117: 12000 | I117: 1 | L117: 1 | O117: 1 | Q117: 미입고 월밤 | S117: 1 | T117: 12000 | W117: 김미애(제니퍼)
A118: 제니퍼 | B118: 디오트 1층 A-19 | C118: 010-2207-9789 | D118: 010-2207-9789 | E118: S21938 | F118: 아베크앞뒤t [반팔] | G118: 아이 | H118: 12000 | I118: 2 | O118: 0 | S118: 0 | T118: 0 | W118: 김미애(제니퍼)
A119: 제니퍼 | B119: 디오트 1층 A-19 | C119: 010-2207-9789 | D119: 010-2207-9789 | E119: S21935 | F119: 아베크앞뒤t [반팔] | G119: 밤색 | H119: 12000 | K119: 1 | O119: 0 | Q119: 차감함 | R119: 8/12 더안불량(오염) | S119: 0 | T119: -12000 | W119: 김미애(제니퍼)
...

Sheet 0813
A1: 가나다란 08/13(수밤) 주문서 | I1: 발주 | L1: 장끼 | O1: 입고 | P1: 차이
A2: 거래처명 | B2: 공급처주소 | C2: 공급처연락처 | D2: 공급처휴대전화 | E2: 상품코드 | F2: 공급처상품명 | G2: 공급처옵션 | H2: 원가 | I2: 주문 | J2: 미송 | K2: 교환 | L2: 장끼 | M2: 미송 | N2: 교환 | O2: 주문 | P2: 주문 | Q2: 삼촌 코멘트 | R2: 가나다란 코멘트 | S2: 실입고수 | T2: 오늘입금할금액 | U2: 미송/매입금액 | V2: 입금일 | W2: 공급처예금주
I3: 1604 | J3: 1660 | K3: 258 | L3: 520 | M3: 393 | N3: 14 | O3: 927 | P3: 0 | Q3: 0 | R3: 0 | S3: 927 | T3: 7008700 | U3: 27025500 | W3: 0
Q4: ※ 주문서 작성시 KDG, 제이와이엠, 디피프로젝트 카톡 채널 공유 필수 | S4: 0 | T4: 0
A5: 래래 | B5: 본사반출 | E5: S18572 | F5: 래래_벨트sl(래래) | G5: 블랙(s) | K5: 1 | O5: 0 | R5: 08/08 본사반출 | S5: 0 | T5: 0 | W5: 김래영（래래（ＲＡＥ
A6: 더포르투나 | B6: 본사반출 | E6: S22582 | F6: d6837pt [와이드] | G6: 크림/S | K6: 1 | O6: 0 | R6: 08/08 본사반출(민서정님 반품건) | S6: 0 | T6: 0 | W6: (주)더포르투나
A7: 더포르투나 | B7: 본사반출 | E7: S22586 | F7: d6837pt [와이드] | G7: 화이트/S | K7: 1 | O7: 0 | R7: 08/08 본사반출(민서정님 반품건) | S7: 0 | T7: 0 | W7: (주)더포르투나
A8: 리마인드 | B8: 본사반출 | E8: S23186 | F8: gn-0002 | G8: 블랙/S | K8: 2 | O8: 0 | R8: 08/08 본사반출 | S8: 0 | T8: 0 | W8: （주）디투어패럴
A9: 래래 | B9: 본사반출 | E9: S18572 | F9: 벨트sl(래래) | G9: 블랙/S | K9: 1 | O9: 0 | R9: 08/08 본사반출 | S9: 0 | T9: 0 | W9: 김래영（래래（ＲＡＥ
A10: 오쓰오쓰 | B10: 본사반출 | O10: 0 | R10: 08/11 본사반출(샘플 오입고) | S10: 0 | T10: 0 | W10: 오상민:오쓰오쓰
A11: 딥 | B11: 본사반출 | E11: S21058 | F11: 5551 | G11: 블랙/S | K11: 1 | O11: 0 | R11: 08/13 본사반출(대표님-재쵤영용) | S11: 0 | T11: 0 | W11: （주）디씨패밀리
A12: 딥 | B12: 본사반출 | E12: S21061 | F12: 5551 | G12: 화이트/S | K12: 1 | O12: 0 | R12: 08/13 본사반출(대표님-재쵤영용) | S12: 0 | T12: 0 | W12: （주）디씨패밀리
A13: 리마인드 | B13: 본사보유입고 | E13: S22136 | F13: 4503 | G13: 블랙/S | K13: 1 | O13: 0 | R13: 08/13 본사보유입고 | S13: 0 | T13: 0 | W13: （주）디투어패럴
A14: 리마인드 | B14: 본사보유입고 | E14: S22130 | F14: 4503 | G14: 화이트/S | K14: 1 | O14: 0 | R14: 08/13 본사보유입고 | S14: 0 | T14: 0 | W14: （주）디투어패럴
A15: 레어썸 | B15: 본사보유입고 | E15: S23201 | F15: 227 | G15: 화이트/S | K15: 1 | O15: 0 | R15: 08/13 본사보유입고 | S15: 0 | T15: 0 | W15: 송지은(레어썸)
O16: 0 | S16: 0 | T16: 0
A17: 리마인드 | B17: 경기도 고양시 일산동구 지영로 59-2 D동 | C17: 010-3918-2418 | D17: 010-9208-6514 | E17: S16800 | F17: 2420(부츠)sl (C) | G17: 아이보리(기본M) | H17: 12000 | K17: 1 | O17: 0 | R17: 7/18 더안불량(단추없음) | S17: 0 | T17: 0 | W17: （주）디투어패럴
A18: 리마인드 | B18: 경기도 고양시 일산동구 지영로 59-2 D동 | C18: 010-3918-2418 | D18: 010-9208-6514 | E18: S16799 | F18: 2420(부츠)sl (C) | G18: 아이보리(기본S) | H18: 12000 | K18: 1 | O18: 0 | R18: 7/15 더안불량(오염) | S18: 0 | T18: 0 | W18: （주）디투어패럴
A19: 리마인드 | B19: 경기도 고양시 일산동구 지영로 59-2 D동 | C19: 010-3918-2418 | D19: 010-9208-6514 | E19: S22136 | F19: 4503 [반바지] | G19: 블랙/S | H19: 10000 | K19: 1 | O19: 0 | R19: 8/1 더안불량(길이불량) | S19: 0 | T19: 0 | W19: （주）디투어패럴
A20: 리마인드 | B20: 경기도 고양시 일산동구 지영로 59-2 D동 | C20: 010-3918-2418 | D20: 010-9208-6514 | E20: S22132 | F20: 4503 [반바지] | G20: 아이보리/L | H20: 10000 | K20: 1 | O20: 0 | R20: 7/23 더안불량(오염) | S20: 0 | T20: 0 | W20: （주）디투어패럴
A21: 리마인드 | B21: 경기도 고양시 일산동구 지영로 59-2 D동 | C21: 010-3918-2418 | D21: 010-9208-6514 | E21: S22132 | F21: 4503 [반바지] | G21: 아이보리/L | H21: 10000 | K21: 1 | O21: 0 | R21: 7/24 더안불량(오염) | S21: 0 | T21: 0 | W21: （주）디투어패럴
A22: 리마인드 | B22: 경기도 고양시 일산동구 지영로 59-2 D동 | C22: 010-3918-2418 | D22: 010-9208-6514 | E22: S22131 | F22: 4503 [반바지] | G22: 아이보리/M | H22: 10000 | K22: 1 | O22: 0 | R22: 7/24 더안불량(오염) | S22: 0 | T22: 0 | W22: （주）디투어패럴
A23: 리마인드 | B23: 경기도 고양시 일산동구 지영로 59-2 D동 | C23: 010-3918-2418 | D23: 010-9208-6514 | E23: S22131 | F23: 4503 [반바지] | G23: 아이보리/M | H23: 10000 | K23: 1 | O23: 0 | R23: 7/30 더안불량(오염) | S23: 0 | T23: 0 | W23: （주）디투어패럴
A24: 리마인드 | B24: 경기도 고양시 일산동구 지영로 59-2 D동 | C24: 010-3918-2418 | D24: 010-9208-6514 | E24: S22131 | F24: 4503 [반바지] | G24: 아이보리/M | H24: 10000 | K24: 1 | O24: 0 | R24: 7/31 더안불량(봉제불량) | S24: 0 | T24: 0 | W24: （주）디투어패럴
A25: 리마인드 | B25: 경기도 고양시 일산동구 지영로 59-2 D동 | C25: 010-3918-2418 | D25: 010-9208-6514 | E25: S22130 | F25: 4503 [반바지] | G25: 아이보리/S | H25: 10000 | K25: 1 | O25: 0 | R25: 7/18 더안불량(주머니불량) | S25: 0 | T25: 0 | W25: （주）디투어패럴
A26: 리마인드 | B26: 경기도 고양시 일산동구 지영로 59-2 D동 | C26: 010-3918-2418 | D26: 010-9208-6514 | E26: S22130 | F26: 4503 [반바지] | G26: 아이보리/S | H26: 10000 | K26: 2 | O26: 0 | R26: 7/18 더안불량(오염) | S26: 0 | T26: 0 | W26: （주）디투어패럴
A27: 리마인드 | B27: 경기도 고양시 일산동구 지영로 59-2 D동 | C27: 010-3918-2418 | D27: 010-9208-6514 | E27: S22130 | F27: 4503 [반바지] | G27: 아이보리/S | H27: 10000 | K27: 1 | O27: 0 | R27: 7/23 더안불량(오염) | S27: 0 | T27: 0 | W27: （주）디투어패럴
A28: 리마인드 | B28: 경기도 고양시 일산동구 지영로 59-2 D동 | C28: 010-3918-2418 | D28: 010-9208-6514 | E28: S22130 | F28: 4503 [반바지] | G28: 아이보리/S | H28: 10000 | K28: 1 | O28: 0 | R28: 7/24 더안불량(허리 고리 찢어짐) | S28: 0 | T28: 0 | W28: （주）디투어패럴
... A36: 리마인드 | B36: 경기도 고양시 일산동구 지영로 59-2 D동 | C36: 010-3918-2418 | D36: 010-9208-6514 | E36: S22018 | F36: 5412nt [반팔] | G36: 베이지 | H36: 11000 | K36: 1 | O36: 0 | R36: 8/14 더안불량(앞면 오염) | S36: 0 | T36: 0 | W36: （주）디투어패럴
O37: 0 | S37: 0 | T37: 0
A38: KDG(부가세) | B38: 경기도 용인시 처인구 포곡읍 둔전로 49 | C38: 010-5818-0264 | D38: 010-5818-0264 | F38: 샘플픽업 | O38: 0 | Q38: OK | S38: 0 | T38: 0 | W38: 케이디지
O39: 0 | S39: 0 | T39: 0
A40: 예삐박스 | B40: 남평화 3층 136 | D40: 010-5778-9084 | E40: S22471 | F40: 여신하트라인골지캡소매티 [캡소매] | G40: 블랙 | H40: 6000 | K40: 1 | O40: 0 | Q40: 휴가중 반품 보관중 | R40: 8/7 더안불량(올 풀림) | S40: 0 | T40: 0 | W40: 김민
O41: 0 | S41: 0 | T41: 0
A42: 슬로그(누죤) | B42: 누죤 3층 429 | C42: 010-8780-0823 | D42: 010-8780-0823 | E42: S20514 | F42: 그웬시스루니트 [반팔] | G42: 검정 | H42: 14000 | I42: 2 | O42: 0 | R42: 8/11 택배발송 요청함 | S42: 0 | T42: 0 | W42: 윤상원
A43: 슬로그(누죤) | B43: 누죤 3층 429 | C43: 010-8780-0823 | D43: 010-8780-0823 | E43: S20516 | F43: 그웬시스루니트 [반팔] | G43: 크림 | H43: 14000 | I43: 1 | O43: 0 | R43: 8/11 택배발송 요청함 | S43: 0 | T43: 0 | W43: 윤상원
A44: 슬로그(누죤) | B44: 누죤 3층 429 | C44: 010-8780-0823 | D44: 010-8780-0823 | E44: S20981 | F44: 네스v넥 [반팔] | G44: 검정 | H44: 14000 | I44: 2 | O44: 0 | R44: 8/11 택배발송 요청함 | S44: 0 | T44: 0 | W44: 윤상원
A45: 슬로그(누죤) | B45: 누죤 3층 429 | C45: 010-8780-0823 | D45: 010-8780-0823 | E45: S20982 | F45: 네스v넥 [반팔] | G45: 네이비 | H45: 14000 | I45: 2 | O45: 0 | R45: 8/11 택배발송 요청함 | S45: 0 | T45: 0 | W45: 윤상원
A46: 슬로그(누죤) | B46: 누죤 3층 429 | C46: 010-8780-0823 | D46: 010-8780-0823 | E46: S20985 | F46: 네스v넥 [반팔] | G46: 크림 | H46: 14000 | I46: 1 | O46: 0 | R46: 8/11 택배발송 요청함 | S46: 0 | T46: 0 | W46: 윤상원
A47: 슬로그(누죤) | B47: 누죤 3층 429 | C47: 010-8780-0823 | D47: 010-8780-0823 | E47: S20770 | F47: 빌리프골지카라니트 [반팔] | G47: 검정 | H47: 15000 | I47: 1 | O47: 0 | R47: 8/11 택배발송 요청함 | S47: 0 | T47: 0 | W47: 윤상원
A48: 슬로그(누죤) | B48: 누죤 3층 429 | C48: 010-8780-0823 | D48: 010-8780-0823 | E48: S20771 | F48: 빌리프골지카라니트 [반팔] | G48: 멜란지 | H48: 15000 | I48: 7 | O48: 0 | R48: 8/11 택배발송 요청함 | S48: 0 | T48: 0 | W48: 윤상원
A49: 슬로그(누죤) | B49: 누죤 3층 429 | C49: 010-8780-0823 | D49: 010-8780-0823 | E49: S20773 | F49: 빌리프골지카라니트 [반팔] | G49: 크림 | H49: 15000 | I49: 1 | O49: 0 | R49: 8/11 택배발송 요청함 | S49: 0 | T49: 0 | W49: 윤상원
A50: 슬로그(누죤) | B50: 누죤 3층 429 | C50: 010-8780-0823 | D50: 010-8780-0823 | E50: S21856 | F50: 오클리줄지라운드 [반팔] | G50: 곤아 | H50: 15000 | I50: 3 | O50: 0 | R50: 8/11 택배발송 요청함 | S50: 0 | T50: 0 | W50: 윤상원
A51: 슬로그(누죤) | B51: 누죤 3층 429 | C51: 010-8780-0823 | D51: 010-8780-0823 | E51: S21855 | F51: 오클리줄지라운드 [반팔] | G51: 아검 | H51: 15000 | I51: 1 | O51: 0 | R51: 8/11 택배발송 요청함 | S51: 0 | T51: 0 | W51: 윤상원
A52: 슬로그(누죤) | B52: 누죤 3층 429 | C52: 010-8780-0823 | D52: 010-8780-0823 | E52: S21031 | F52: 카라배색빌리프 [반팔] | G52: 검정 | H52: 15000 | I52: 1 | O52: 0 | R52: 8/11 택배발송 요청함 | S52: 0 | T52: 0 | W52: 윤상원
A53: 슬로그(누죤) | B53: 누죤 3층 429 | C53: 010-8780-0823 | D53: 010-8780-0823 | E53: S21032 | F53: 카라배색빌리프 [반팔] | G53: 네이비 | H53: 15000 | I53: 3 | O53: 0 | R53: 8/11 택배발송 요청함 | S53: 0 | T53: 0 | W53: 윤상원
A54: 슬로그(누죤) | B54: 누죤 3층 429 | C54: 010-8780-0823 | D54: 010-8780-0823 | E54: S21856 | F54: 오클리줄지라운드 [반팔] | G54: 곤아 | H54: 15000 | K54: 1 | O54: 0 | Q54: 휴가중 반품 보관중 | R54: 8/8 더안불량(어꺠 올나감) | S54: 0 | T54: 0 | W54: 윤상원
A55: 슬로그(누죤) | B55: 누죤 3층 429 | C55: 010-8780-0823 | D55: 010-8780-0823 | E55: S21032 | F55: 카라배색빌리프 [반팔] | G55: 네이비 | H55: 15000 | K55: 1 | O55: 0 | Q55: 휴가중 반품 보관중 | R55: 8/6 더안불량(단추 색상다름) | S55: 0 | T55: 0 | W55: 윤상원
O56: 0 | S56: 0 | T56: 0
A57: 페이브 | B57: 누죤 4층 605 | C57: 010-3917-9639 | D57: 010-3917-9639 | E57: S18729 | F57: 투미목걸이 | G57: 실버 | H57: 4000 | K57: 1 | O57: 0 | Q57: 휴가중 반품 보관중 | R57: 7/31 더안불량(후크불량) | S57: 0 | T57: 0 | W57: 이나은(페이브)
O58: 0 | S58: 0 | T58: 0
A59: 두유 | B59: 디오트 1층 A-01 | C59: 010-6691-8676 | D59: 010-6691-8676 | E59: S22455 | F59: 리틀셔링반팔티 [반팔] | G59: 검정 | H59: 6000 | I59: 10 | O59: 0 | Q59: 일밤 | S59: 0 | T59: 0 | W59: 주식회사 두유
A60: 두유 | B60: 디오트 1층 A-01 | C60: 010-6691-8676 | D60: 010-6691-8676 | E60: S22457 | F60: 리틀셔링반팔티 [반팔] | G60: 소라 | H60: 6000 | I60: 2 | O60: 0 | Q60: 일밤 | S60: 0 | T60: 0 | W60: 주식회사 두유
A61: 두유 | B61: 디오트 1층 A-01 | C61: 010-6691-8676 | D61: 010-6691-8676 | E61: S22458 | F61: 리틀셔링반팔티 [반팔] | G61: 아이 | H61: 6000 | I61: 20 | O61: 0 | Q61: 일밤 | S61: 0 | T61: 0 | W61: 주식회사 두유
A62: 두유 | B62: 디오트 1층 A-01 | C62: 010-6691-8676 | D62: 010-6691-8676 | E62: S20155 | F62: 실루엣브이가디건 [긴팔] | G62: 아이 | H62: 8000 | I62: 1 | L62: 1 | O62: 1 | S62: 1 | T62: 8000 | W62: 주식회사 두유
A63: 두유 | B63: 디오트 1층 A-01 | C63: 010-6691-8676 | D63: 010-6691-8676 | E63: S22456 | F63: 리틀셔링반팔티 [반팔] | G63: 노랑 | H63: 6000 | K63: 1 | N63: 1 | O63: 1 | R63: 8/1 더안불량(겨드랑이오염) | S63: 1 | T63: 0 | W63: 주식회사 두유
A64: 두유 | B64: 디오트 1층 A-01 | C64: 010-6691-8676 | D64: 010-6691-8676 | E64: S22456 | F64: 리틀셔링반팔티 [반팔] | G64: 노랑 | H64: 6000 | K64: 3 | O64: 0 | R64: 8/12 더안불량(색상 오입고) | S64: 0 | T64: 0 | W64: 주식회사 두유
A65: 두유 | B65: 디오트 1층 A-01 | C65: 010-6691-8676 | D65: 010-6691-8676 | E65: S22458 | F65: 리틀셔링반팔티 [반팔] | G65: 아이 | H65: 6000 | K65: 2 | O65: 0 | R65: 8/13 더안불량(오염, 소매 뜯어짐) | S65: 0 | T65: 0 | W65: 주식회사 두유
A66: 두유 | B66: 디오트 1층 A-01 | C66: 010-6691-8676 | D66: 010-6691-8676 | E66: S20155 | F66: 실루엣브이가디건 [긴팔] | G66: 아이 | H66: 8000 | K66: 1 | O66: 0 | R66: 8/13 더안불량(올풀림) | S66: 0 | T66: 0 | W66: 주식회사 두유
O67: 0 | S67: 0 | T67: 0
A68: 나루 | B68: 디오트 1층 A-11 | C68: 02-2117-8051 | D68: 010-5621-8051 | E68: S21595 | F68: 포켓셔츠나시세트 [끈나시셔츠set] | G68: 아이보리 | H68: 10000 | I68: 1 | L68: 1 | O68: 1 | S68: 1 | T68: 10000 | W68: 주식회사 터프나루
A69: 나루 | B69: 디오트 1층 A-11 | C69: 02-2117-8051 | D69: 010-5621-8051 | E69: S22919 | F69: 솜사탕나시 [민소매] | G69: 아이보리 | H69: 6000 | K69: 1 | O69: 0 | Q69: 차감함 | R69: 7/31 더안불량(원단불량) | S69: 0 | T69: -6000 | W69: 주식회사 터프나루
A70: 나루 | B70: 디오트 1층 A-11 | C70: 02-2117-8051 | D70: 010-5621-8051 | F70: 샘플픽업 | O70: 0 | Q70: OK | S70: 0 | T70: 0 | W70: 주식회사 터프나루
A71: 나루 | B71: 디오트 1층 A-11 | C71: 02-2117-8051 | D71: 010-5621-8051 | E71: S21595 | F71: 포켓셔츠나시세트 [끈나시셔츠set] | G71: 아이보리 | H71: 10000 | K71: 1 | O71: 0 | R71: 8/14 더안불량(오염) | S71: 0 | T71: 0 | W71: 주식회사 터프나루
O72: 0 | S72: 0 | T72: 0
A73: 제니퍼 | B73: 디오트 1층 A-19 | C73: 010-2207-9789 | D73: 010-2207-9789 | E73: S21403 | F73: 골지단추u넥반팔nt [반팔] | G73: 검정 | H73: 6000 | I73: 3 | L73: 3 | O73: 3 | S73: 3 | T73: 18000 | W73: 김미애(제니퍼)
A74: 제니퍼 | B74: 디오트 1층 A-19 | C74: 010-2207-9789 | D74: 010-2207-9789 | E74: S22357 | F74: 니퍼랩 [캡소매] | G74: 아이 | H74: 9000 | I74: 5 | L74: 5 | O74: 5 | S74: 5 | T74: 45000 | W74: 김미애(제니퍼)
A75: 제니퍼 | B75: 디오트 1층 A-19 | C75: 010-2207-9789 | D75: 010-2207-9789 | E75: S22347 | F75: 쁘띠반팔 [반팔] | G75: 연회색 | H75: 10000 | I75: 1 | L75: 1 | O75: 1 | S75: 1 | T75: 10000 | W75: 김미애(제니퍼)
A76: 제니퍼 | B76: 디오트 1층 A-19 | C76: 010-2207-9789 | D76: 010-2207-9789 | E76: S21934 | F76: 아베크앞뒤t [반팔] | G76: 검정 | H76: 12000 | I76: 1 | L76: 1 | O76: 1 | S76: 1 | T76: 12000 | W76: 김미애(제니퍼)
A77: 제니퍼 | B77: 디오트 1층 A-19 | C77: 010-2207-9789 | D77: 010-2207-9789 | E77: S21935 | F77: 아베크앞뒤t [반팔] | G77: 밤색 | H77: 12000 | I77: 1 | L77: 1 | O77: 1 | S77: 1 | T77: 12000 | W77: 김미애(제니퍼)
A78: 제니퍼 | B78: 디오트 1층 A-19 | C78: 010-2207-9789 | D78: 010-2207-9789 | E78: S21938 | F78: 아베크앞뒤t [반팔] | G78: 아이 | H78: 12000 | I78: 1 | L78: 1 | O78: 1 | S78: 1 | T78: 12000 | W78: 김미애(제니퍼)
A79: 제니퍼 | B79: 디오트 1층 A-19 | C79: 010-2207-9789 | D79: 010-2207-9789 | E79: S22064 | F79: 매직스퀘어 [반팔] | G79: 검정 | H79: 13000 | K79: 1 | O79: 0 | Q79: 차감함 | R79: 7/31 더안불량(상품오입고) | S79: 0 | T79: -13000 | W79: 김미애(제니퍼)
A80: 제니퍼 | B80: 디오트 1층 A-19호 | C80: 010-2207-9789 | D80: 010-2207-9789 | E80: S21404 | F80: 골지단추u넥반팔nt [반팔] | G80: 밤색 | H80: 6000 | K80: 1 | O80: 0 | Q80: 차감함 | R80: 8/6 더안불량(올풀림) | S80: 0 | T80: -6000 | W80: 김미애(제니퍼)
A81: 제니퍼 | B81: 디오트 1층 A-19 | C81: 010-2207-9789 | D81: 010-2207-9789 | E81: S21935 | F81: 아베크앞뒤t [반팔] | G81: 밤색 | H81: 12000 | K81: 1 | O81: 0 | Q81: 다음주문차감 | R81: 8/12 더안불량(오염) | S81: 0 | T81: 0 | W81: 김미애(제니퍼)
O82: 0 | S82: 0 | T82: 0
A83: 딥 | B83: 디오트 1층 A-20 | C83: 02-2253-6681 | D83: 010-9174-5512 | E83: S21876 | F83: 370기본 [와이드] ☆ | G83: 1아이보리/M ☆2508 | H83: 12000 | I83: 1 | L83: 1 | O83: 1 | S83: 1 | T83: 12000 | W83: （주）디씨패밀리
A84: 딥 | B84: 디오트 1층 A-20 | C84: 02-2253-6681 | D84: 010-9174-5512 | E84: S21058 | F84: 5551 [부츠컷] | G84: 검정/S | H84: 19000 | I84: 1 | O84: 0 | Q84: 다음주중 | S84: 0 | T84: 0 | W84: （주）디씨패밀리
A85: 딥 | B85: 디오트 1층 A-20 | C85: 02-2253-6681 | D85: 010-9174-5512 | E85: S22636 | F85: 5560 [와이드] | G85: 검정/S | H85: 15000 | I85: 2 | O85: 0 | Q85: 다음주중 | S85: 0 | T85: 0 | W85: （주）디씨패밀리
A86: 딥 | B86: 디오트 1층 A-20 | C86: 02-2253-6681 | D86: 010-9174-5512 | E86: S22640 | F86: 5560 [와이드] | G86: 아이보리/M | H86: 15000 | I86: 1 | L86: 1 | O86: 1 | S86: 1 | T86: 15000 | W86: （주）디씨패밀리
A87: 딥 | B87: 디오트 1층 A-20 | C87: 02-2253-6681 | D87: 010-9174-5512 | F87: 샘플픽업 | O87: 0 | Q87: OK | S87: 0 | T87: 0 | W87: （주）디씨패밀리
A88: 딥 | B88: 디오트 1층 A-20 | C88: 02-2253-6681 | D88: 010-9174-5512 | E88: S22640 | F88: 5560 [와이드] | G88: 아이보리/M | H88: 15000 | K88: 1 | O88: 0 | R88: 8/13 더안불량(오염) | S88: 0 | T88: 0 | W88: （주）디씨패밀리
O89: 0 | S89: 0 | T89: 0
A90: 하라 | B90: 디오트 1층 B-04 | C90: 010-3047-2263 | D90: 010-3047-2263 | E90: S23233 | F90: 블레스나시 [캡소매] | G90: 검정 | H90: 15000 | I90: 7 | L90: 7 | O90: 7 | S90: 7 | T90: 105000 | W90: 채경희(하라)
A91: 하라 | B91: 디오트 1층 B-04 | C91: 010-3047-2263 | D91: 010-3047-2263 | E91: S23234 | F91: 블레스나시 [캡소매] | G91: 먹색 | H91: 15000 | I91: 30 | L91: 30 | O91: 30 | S91: 30 | T91: 450000 | W91: 채경희(하라)
A92: 하라 | B92: 디오트 1층 B-04 | C92: 010-3047-2263 | D92: 010-3047-2263 | E92: S23235 | F92: 블레스나시 [캡소매] | G92: 크림 | H92: 15000 | J92: 20 | O92: 0 | Q92: 목밤~일밤 | R92: 미송20 | S92: 0 | T92: 0 | U92: 600000 | V92: 45880 | W92: 채경희(하라)
A93: 하라 | B93: 디오트 1층 B-04 | C93: 010-3047-2263 | D93: 010-3047-2263 | E93: S23235 | F93: 블레스나시 [캡소매] | G93: 크림 | H93: 15000 | I93: 10 | O93: 0 | Q93: 목밤~일밤 | R93: 추가10 | S93: 0 | T93: 0 | W93: 채경희(하라)
A94: 하라 | B94: 디오트 1층 B-04 | C94: 010-3047-2263 | D94: 010-3047-2263 | E94: S23042 | F94: 젤라또bl [캡소매] | G94: 베이지 | H94: 16000 | I94: 1 | L94: 1 | O94: 1 | S94: 1 | T94: 16000 | W94: 채경희(하라)
A95: 하라 | B95: 디오트 1층 B-04 | C95: 010-3047-2263 | D95: 010-3047-2263 | E95: S23041 | F95: 젤라또bl [캡소매] | G95: 아이 | H95: 16000 | J95: 110 | O95: 0 | Q95: 목밤~일밤 | R95: 미송110+35=총145 | S95: 0 | T95: 0 | U95: 3200000 | V95: 45880 | W95: 채경희(하라)
A96: 하라 | B96: 디오트 1층 B-04 | C96: 010-3047-2263 | D96: 010-3047-2263 | E96: S23041 | F96: 젤라또bl [캡소매] | G96: 아이 | H96: 16000 | J96: 35 | M96: 35 | O96: 35 | Q96: 목밤~일밤 | R96: 미송110+35=총145 | S96: 35 | T96: 0 | U96: 3200000 | V96: 45880 | W96: 채경희(하라)
A97: 하라 | B97: 디오트 1층 B-04 | C97: 010-3047-2263 | D97: 010-3047-2263 | E97: S23148 | F97: 블레스나시 [캡소매] | G97: 크림 | H97: 15000 | K97: 1 | O97: 0 | Q97: 목밤~일밤 | R97: 7/31 더안불량(오염) | S97: 0 | T97: 0 | W97: 채경희(하라)
A98: 하라 | B98: 디오트 1층 B-04 | C98: 010-3047-2263 | D98: 010-3047-2263 | E98: S23041 | F98: 젤라또bl [캡소매] | G98: 아이 | H98: 16000 | K98: 1 | O98: 0 | Q98: 목밤~일밤 | R98: 8/7 더안불량(봉제 불량) | S98: 0 | T98: 0 | W98: 채경희(하라)
A99: 하라 | B99: 디오트 1층 B-04 | C99: 010-3047-2263 | D99: 010-3047-2263 | E99: S23041 | F99: 젤라또bl [캡소매] | G99: 아이 | H99: 16000 | K99: 5 | O99: 0 | R99: 8/14 더안불량(오염) | S99: 0 | T99: 0 | W99: 채경희(하라)
O100: 0 | S100: 0 | T100: 0
A101: 라우라 | B101: 디오트 1층 B-06 | D101: 010-8319-7838 | E101: S18258 | F101: 데일리하프폴라니트 (C) | G101: 소라★2412 | H101: 8000 | K101: 1 | O101: 0 | Q101: 다음주문차감 | R101: 02/12 더안불량 (올나감) | S101: 0 | T101: 0 | W101: (주)도로시클로딩
A102: 라우라 | B102: 디오트 1층 B-06 | D102: 010-8319-7838 | E102: S18257 | F102: 데일리하프폴라니트 (C) | G102: 아이★2501 | H102: 8000 | K102: 1 | O102: 0 | Q102: 다음주문차감 | R102: 02/06 더안불량 (오염) | S102: 0 | T102: 0 | W102: (주)도로시클로딩
O103: 0 | S103: 0 | T103: 0
A104: 더포르투나 | B104: 디오트 1층 B-13 | C104: 010-4084-7778 | D104: 010-4084-7778 | E104: S22587 | F104: d6837pt [와이드] ☆ | G104: 화이트/M ☆2507 | H104: 12500 | K104: 1 | O104: 0 | Q104: 다음주문차감 | R104: 7/31 더안불량(오염) | S104: 0 | T104: 0 | W104: (주)더포르투나
A105: 더포르투나 | B105: 디오트 1층 B-13 | C105: 010-4084-7778 | D105: 010-4084-7778 | F105: 샘플픽업(본사반출건) | O105: 0 | Q105: 가나다란 사무실로 전달 부탁드려요! | R105: OK | S105: 0 | T105: 0 | W105: (주)더포르투나
A106: 더포르투나 | B106: 디오트 1층 B-13호 | C106: 010-4084-7778 | D106: 010-4084-7778 | E106: S22582 | F106: d6837pt [와이드] ☆ | G106: 크림/S ☆2507 | H106: 12500 | K106: 1 | O106: 0 | Q106: 다음주문차감 | R106: 8/8 더안불량(세탁 후 기장 짧아짐) | S106: 0 | T106: 0 | W106: (주)더포르투나
A107: 더포르투나 | B107: 디오트 1층 B-13호 | C107: 010-4084-7778 | D107: 010-4084-7778 | E107: S22586 | F107: d6837pt [와이드] ☆ | G107: 화이트/S ☆2507 | H107: 12500 | K107: 1 | O107: 0 | Q107: 다음주문차감 | R107: 8/8 더안불량(세탁 후 기장 짧아짐) | S107: 0 | T107: 0 | W107: (주)더포르투나
...

Sheet 0812
A1: 가나다란 08/12(화밤) 주문서 | I1: 발주 | L1: 장끼 | O1: 입고 | P1: 차이
A2: 거래처명 | B2: 공급처주소 | C2: 공급처연락처 | D2: 공급처휴대전화 | E2: 상품코드 | F2: 공급처상품명 | G2: 공급처옵션 | H2: 원가 | I2: 주문 | J2: 미송 | K2: 교환 | L2: 장끼 | M2: 미송 | N2: 교환 | O2: 주문 | P2: 주문 | Q2: 삼촌 코멘트 | R2: 가나다란 코멘트 | S2: 실입고수 | T2: 오늘입금할금액 | U2: 미송/매입금액 | V2: 입금일 | W2: 공급처예금주
I3: 1982 | J3: 1852 | K3: 226 | L3: 830 | M3: 302 | N3: 19 | O3: 1151 | P3: 0 | Q3: 0 | R3: 0 | S3: 1151 | T3: 11846100 | U3: 28679500 | W3: 0
Q4: ※ 주문서 작성시 KDG, 제이와이엠, 디피프로젝트 카톡 채널 공유 필수 | S4: 0 | T4: 0
A5: 래래 | B5: 본사반출 | E5: S18572 | F5: 래래_벨트sl(래래) | G5: 블랙(s) | K5: 1 | R5: 08/08 본사반출 | T5: 0 | W5: 김래영（래래（ＲＡＥ
A6: 더포르투나 | B6: 본사반출 | E6: S22582 | F6: d6837pt [와이드] | G6: 크림/S | K6: 1 | R6: 08/08 본사반출(민서정님 반품건) | T6: 0
A7: 더포르투나 | B7: 본사반출 | E7: S22586 | F7: d6837pt [와이드] | G7: 화이트/S | K7: 1 | R7: 08/08 본사반출(민서정님 반품건) | T7: 0 | W7: (주)더포르투나
A8: 리마인드 | B8: 본사반출 | E8: S23186 | F8: gn-0002 | G8: 블랙/S | K8: 2 | R8: 08/08 본사반출 | T8: 0 | W8: （주）디투어패럴
A9: 래래 | B9: 본사반출 | E9: S18572 | F9: 벨트sl(래래) | G9: 블랙/S | K9: 1 | R9: 08/08 본사반출 | T9: 0 | W9: 김래영（래래（ＲＡＥ
A10: 오쓰오쓰 | B10: 본사반출 | R10: 08/11 본사반출(샘플 오입고) | T10: 0 | W10: 오상민:오쓰오쓰
A11: 딥 | B11: 본사반출 | F11: 5551 | G11: 색상확인 필요 | K11: 1 | R11: 08/13 본사반출(대표님-재쵤영용) | T11: 0 | W11: （주）디씨패밀리
A12: 리마인드 | B12: 본사보유입고 | E12: S22136 | F12: 4503 | G12: 블랙/S | K12: 1 | R12: 08/13 본사보유입고 | T12: 0 | W12: （주）디투어패럴
A13: 리마인드 | B13: 본사보유입고 | E13: S22130 | F13: 4503 | G13: 화이트/S | K13: 1 | R13: 08/13 본사보유입고 | T13: 0 | W13: （주）디투어패럴
A14: 레어썸 | B14: 본사보유입고 | E14: S23201 | F14: 227 | G14: 화이트/S | K14: 1 | R14: 08/13 본사보유입고 | T14: 0 | W14: 송지은(레어썸)
T15: 0
A16: 리마인드 | B16: 경기도 고양시 일산동구 지영로 59-2 D동 | C16: 010-3918-2418 | D16: 010-9208-6514 | E16: S16800 | F16: 2420(부츠)sl (C) | G16: 아이보리(기본M) | H16: 12000 | K16: 1 | R16: 7/18 더안불량(단추없음) | T16: 0 | W16: （주）디투어패럴
A17: 리마인드 | B17: 경기도 고양시 일산동구 지영로 59-2 D동 | C17: 010-3918-2418 | D17: 010-9208-6514 | E17: S16799 | F17: 2420(부츠)sl (C) | G17: 아이보리(기본S) | H17: 12000 | K17: 1 | R17: 7/15 더안불량(오염) | T17: 0 | W17: （주）디투어패럴
A18: 리마인드 | B18: 경기도 고양시 일산동구 지영로 59-2 D동 | C18: 010-3918-2418 | D18: 010-9208-6514 | E18: S22136 | F18: 4503 [반바지] | G18: 블랙/S | H18: 10000 | K18: 1 | R18: 8/1 더안불량(길이불량) | T18: 0 | W18: （주）디투어패럴
A19: 리마인드 | B19: 경기도 고양시 일산동구 지영로 59-2 D동 | C19: 010-3918-2418 | D19: 010-9208-6514 | E19: S22132 | F19: 4503 [반바지] | G19: 아이보리/L | H19: 10000 | K19: 1 | R19: 7/23 더안불량(오염) | T19: 0 | W19: （주）디투어패럴
A20: 리마인드 | B20: 경기도 고양시 일산동구 지영로 59-2 D동 | C20: 010-3918-2418 | D20: 010-9208-6514 | E20: S22132 | F20: 4503 [반바지] | G20: 아이보리/L | H20: 10000 | K20: 1 | R20: 7/24 더안불량(오염) | T20: 0 | W20: （주）디투어패럴
A21: 리마인드 | B21: 경기도 고양시 일산동구 지영로 59-2 D동 | C21: 010-3918-2418 | D21: 010-9208-6514 | E21: S22131 | F21: 4503 [반바지] | G21: 아이보리/M | H21: 10000 | K21: 1 | R21: 7/24 더안불량(오염) | T21: 0 | W21: （주）디투어패럴
A22: 리마인드 | B22: 경기도 고양시 일산동구 지영로 59-2 D동 | C22: 010-3918-2418 | D22: 010-9208-6514 | E22: S22131 | F22: 4503 [반바지] | G22: 아이보리/M | H22: 10000 | K22: 1 | R22: 7/30 더안불량(오염) | T22: 0 | W22: （주）디투어패럴
A23: 리마인드 | B23: 경기도 고양시 일산동구 지영로 59-2 D동 | C23: 010-3918-2418 | D23: 010-9208-6514 | E23: S22131 | F23: 4503 [반바지] | G23: 아이보리/M | H23: 10000 | K23: 1 | R23: 7/31 더안불량(봉제불량) | T23: 0 | W23: （주）디투어패럴
A24: 리마인드 | B24: 경기도 고양시 일산동구 지영로 59-2 D동 | C24: 010-3918-2418 | D24: 010-9208-6514 | E24: S22130 | F24: 4503 [반바지] | G24: 아이보리/S | H24: 10000 | K24: 1 | R24: 7/18 더안불량(주머니불량) | T24: 0 | W24: （주）디투어패럴
A25: 리마인드 | B25: 경기도 고양시 일산동구 지영로 59-2 D동 | C25: 010-3918-2418 | D25: 010-9208-6514 | E25: S22130 | F25: 4503 [반바지] | G25: 아이보리/S | H25: 10000 | K25: 2 | R25: 7/18 더안불량(오염) | T25: 0 | W25: （주）디투어패럴
A26: 리마인드 | B26: 경기도 고양시 일산동구 지영로 59-2 D동 | C26: 010-3918-2418 | D26: 010-9208-6514 | E26: S22130 | F26: 4503 [반바지] | G26: 아이보리/S | H26: 10000 | K26: 1 | R26: 7/23 더안불량(오염) | T26: 0 | W26: （주）디투어패럴
A27: 리마인드 | B27: 경기도 고양시 일산동구 지영로 59-2 D동 | C27: 010-3918-2418 | D27: 010-9208-6514 | E27: S22130 | F27: 4503 [반바지] | G27: 아이보리/S | H27: 10000 | K27: 1 | R27: 7/24 더안불량(허리 고리 찢어짐) | T27: 0 | W27: （주）디투어패럴
... A32: 리마인드 | B32: 경기도 고양시 일산동구 지영로 59-2 D동 | C32: 010-3918-2418 | D32: 010-9208-6514 | E32: S20240 | F32: gn-001 [부츠컷] ☆ | G32: 블랙/M ☆2507 | H32: 12500 | K32: 1 | R32: 7/24 더안불량(주머니쪽 원단이 튀어나옴) | T32: 0 | W32: （주）디투어패럴
A33: 리마인드 | B33: 경기도 고양시 일산동구 지영로 59-2 D동 | C33: 010-3918-2418 | D33: 010-9208-6514 | E33: S16800 | F33: 2420(부츠)sl (C) | G33: 아이보리(기본M) | H33: 12000 | K33: 1 | O33: 0 | R33: 8/13 더안불량(오염) | S33: 0 | T33: 0 | W33: （주）디투어패럴
T34: 0
A35: 예삐박스 | B35: 남평화 3층 136 | D35: 010-5778-9084 | E35: S22471 | F35: 여신하트라인골지캡소매티 [캡소매] | G35: 블랙 | H35: 6000 | K35: 1 | Q35: 휴가중 반품 보관중 | R35: 8/7 더안불량(올 풀림) | T35: 0 | W35: 김민
T36: 0
A37: 슬로그(누죤) | B37: 누죤 3층 429 | C37: 010-8780-0823 | D37: 010-8780-0823 | E37: S20514 | F37: 그웬시스루니트 [반팔] | G37: 검정 | H37: 14000 | I37: 2 | O37: 0 | R37: 8/11 택배발송 요청함 | S37: 0 | T37: 0 | W37: 윤상원
A38: 슬로그(누죤) | B38: 누죤 3층 429 | C38: 010-8780-0823 | D38: 010-8780-0823 | E38: S20516 | F38: 그웬시스루니트 [반팔] | G38: 크림 | H38: 14000 | I38: 1 | O38: 0 | R38: 8/11 택배발송 요청함 | S38: 0 | T38: 0 | W38: 윤상원
A39: 슬로그(누죤) | B39: 누죤 3층 429 | C39: 010-8780-0823 | D39: 010-8780-0823 | E39: S20981 | F39: 네스v넥 [반팔] | G39: 검정 | H39: 14000 | I39: 2 | O39: 0 | R39: 8/11 택배발송 요청함 | S39: 0 | T39: 0 | W39: 윤상원
A40: 슬로그(누죤) | B40: 누죤 3층 429 | C40: 010-8780-0823 | D40: 010-8780-0823 | E40: S20982 | F40: 네스v넥 [반팔] | G40: 네이비 | H40: 14000 | I40: 2 | O40: 0 | R40: 8/11 택배발송 요청함 | S40: 0 | T40: 0 | W40: 윤상원
A41: 슬로그(누죤) | B41: 누죤 3층 429 | C41: 010-8780-0823 | D41: 010-8780-0823 | E41: S20985 | F41: 네스v넥 [반팔] | G41: 크림 | H41: 14000 | I41: 1 | O41: 0 | R41: 8/11 택배발송 요청함 | S41: 0 | T41: 0 | W41: 윤상원
A42: 슬로그(누죤) | B42: 누죤 3층 429 | C42: 010-8780-0823 | D42: 010-8780-0823 | E42: S20770 | F42: 빌리프골지카라니트 [반팔] | G42: 검정 | H42: 15000 | I42: 1 | O42: 0 | R42: 8/11 택배발송 요청함 | S42: 0 | T42: 0 | W42: 윤상원
A43: 슬로그(누죤) | B43: 누죤 3층 429 | C43: 010-8780-0823 | D43: 010-8780-0823 | E43: S20771 | F43: 빌리프골지카라니트 [반팔] | G43: 멜란지 | H43: 15000 | I43: 7 | O43: 0 | R43: 8/11 택배발송 요청함 | S43: 0 | T43: 0 | W43: 윤상원
A44: 슬로그(누죤) | B44: 누죤 3층 429 | C44: 010-8780-0823 | D44: 010-8780-0823 | E44: S20773 | F44: 빌리프골지카라니트 [반팔] | G44: 크림 | H44: 15000 | I44: 1 | O44: 0 | R44: 8/11 택배발송 요청함 | S44: 0 | T44: 0 | W44: 윤상원
A45: 슬로그(누죤) | B45: 누죤 3층 429 | C45: 010-8780-0823 | D45: 010-8780-0823 | E45: S21856 | F45: 오클리줄지라운드 [반팔] | G45: 곤아 | H45: 15000 | I45: 3 | O45: 0 | R45: 8/11 택배발송 요청함 | S45: 0 | T45: 0 | W45: 윤상원
A46: 슬로그(누죤) | B46: 누죤 3층 429 | C46: 010-8780-0823 | D46: 010-8780-0823 | E46: S21855 | F46: 오클리줄지라운드 [반팔] | G46: 아검 | H46: 15000 | I46: 1 | O46: 0 | R46: 8/11 택배발송 요청함 | S46: 0 | T46: 0 | W46: 윤상원
A47: 슬로그(누죤) | B47: 누죤 3층 429 | C47: 010-8780-0823 | D47: 010-8780-0823 | E47: S21031 | F47: 카라배색빌리프 [반팔] | G47: 검정 | H47: 15000 | I47: 1 | O47: 0 | R47: 8/11 택배발송 요청함 | S47: 0 | T47: 0 | W47: 윤상원
A48: 슬로그(누죤) | B48: 누죤 3층 429 | C48: 010-8780-0823 | D48: 010-8780-0823 | E48: S21032 | F48: 카라배색빌리프 [반팔] | G48: 네이비 | H48: 15000 | I48: 3 | O48: 0 | R48: 8/11 택배발송 요청함 | S48: 0 | T48: 0 | W48: 윤상원
O49: 0 | S49: 0 | T49: 0
A50: 페이브 | B50: 누죤 4층 605 | C50: 010-3917-9639 | D50: 010-3917-9639 | E50: S18729 | F50: 투미목걸이 | G50: 실버 | H50: 4000 | K50: 1 | O50: 0 | Q50: 휴가중 반품 보관중 | R50: 7/31 더안불량(후크불량) | S50: 0 | T50: 0 | W50: 이나은(페이브)
O51: 0 | S51: 0 | T51: 0
A52: 두유 | B52: 디오트 1층 A-01 | C52: 010-6691-8676 | D52: 010-6691-8676 | E52: S22455 | F52: 리틀셔링반팔티 [반팔] | G52: 검정 | H52: 6000 | I52: 15 | L52: 1 | O52: 1 | S52: 1 | T52: 6000 | W52: 주식회사 두유
A53: 두유 | B53: 디오트 1층 A-01 | C53: 010-6691-8676 | D53: 010-6691-8676 | E53: S22457 | F53: 리틀셔링반팔티 [반팔] | G53: 소라 | H53: 6000 | I53: 3 | L53: 1 | O53: 1 | S53: 1 | T53: 6000 | W53: 주식회사 두유
A54: 두유 | B54: 디오트 1층 A-01 | C54: 010-6691-8676 | D54: 010-6691-8676 | E54: S22458 | F54: 리틀셔링반팔티 [반팔] | G54: 아이 | H54: 6000 | I54: 22 | O54: 0 | S54: 0 | T54: 0 | W54: 주식회사 두유
A55: 두유 | B55: 디오트 1층 A-01 | C55: 010-6691-8676 | D55: 010-6691-8676 | E55: S22459 | F55: 리틀셔링반팔티 [반팔] | G55: 회색 | H55: 6000 | I55: 1 | L55: 1 | O55: 1 | Q55: 미입고 주중 | S55: 1 | T55: 6000 | W55: 주식회사 두유
A56: 두유 | B56: 디오트 1층 A-01 | C56: 010-6691-8676 | D56: 010-6691-8676 | E56: S20150 | F56: 실루엣브이가디건 [긴팔] | G56: 검정 | H56: 8000 | I56: 5 | L56: 5 | O56: 5 | S56: 5 | T56: 40000 | W56: 주식회사 두유
A57: 두유 | B57: 디오트 1층 A-01 | C57: 010-6691-8676 | D57: 010-6691-8676 | E57: S20152 | F57: 실루엣브이가디건 [긴팔] | G57: 베이지 | H57: 8000 | I57: 1 | L57: 1 | O57: 1 | S57: 1 | T57: 8000 | W57: 주식회사 두유
A58: 두유 | B58: 디오트 1층 A-01 | C58: 010-6691-8676 | D58: 010-6691-8676 | E58: S20155 | F58: 실루엣브이가디건 [긴팔] | G58: 아이 | H58: 8000 | I58: 1 | L58: 1 | O58: 1 | S58: 1 | T58: 8000 | W58: 주식회사 두유
A59: 두유 | B59: 디오트 1층 A-01 | C59: 010-6691-8676 | D59: 010-6691-8676 | E59: S22456 | F59: 리틀셔링반팔티 [반팔] | G59: 노랑 | H59: 6000 | K59: 1 | O59: 0 | Q59: 다음주문차감 | R59: 8/1 더안불량(겨드랑이오염) | S59: 0 | T59: 0 | W59: 주식회사 두유
A60: 두유 | B60: 디오트 1층 A-01 | C60: 010-6691-8676 | D60: 010-6691-8676 | E60: S22458 | F60: 리틀셔링반팔티 [반팔] | G60: 아이 | H60: 6000 | K60: 1 | O60: 0 | Q60: 차감함 | R60: 7/31 더안불량(오염) | S60: 0 | T60: -6000 | W60: 주식회사 두유
